Component1,Component2,Component3,Component4,Component5,Component6,Component7,Component8,Component9,Component10,Component11,Component12,Component13,Component14,Component15,Component16,Component17,Component18,Component19,Component20,Component21,Component22,Component23,Component24,Component25,Component26,Component27,Component28,Component29,Component30,Component31,Component32,Component33,Component34,Component35,Component36,Component37,Component38,Component39,Component40,_subclass_
-0.388851196394813,-0.279313832446053,-0.4093661917463035,-0.4011263737463681,-0.18613340603089967,0.5736885447980565,-0.14349702046944263,-0.05613173881787918,0.11187224470019548,-0.19304005211667036,-0.16193103153205532,0.19431887029957093,-0.06284355169718861,-0.007434878692399435,-0.1455711400460981,0.13297758197093085,0.08295829081765077,-0.10658617599934025,0.015905676861417112,-0.27938218960739464,0.4026323570900715,0.3060918342346594,-0.08299635939745945,0.0028298641396067685,-0.4492900940256421,-0.020298901405697047,0.12783153271225128,0.01580284973329117,-0.0552702007798888,-0.09372861709546013,0.030038300675009934,0.022519106348687895,0.03187284976220297,0.027109944123238278,0.08935645316052253,0.018903261887403027,-0.07138902683989178,0.0071672730149118374,-0.02674833242968242,-0.10530941315278923,T
-0.4388292868269867,-0.34384758336832755,-0.5337997660126237,-0.6240984170310648,-0.32402690095048553,1.3181384452233034,-0.15896132352675854,-0.0939364581904925,0.4409494268573491,-0.19796265730794715,-0.2366060463691772,0.46474674043297337,-0.08368049372142122,-0.05564153599646922,0.04868668279975141,0.17009099358250412,0.2322831655715535,0.023191204252693706,-0.005985029361776473,-0.3156503993680478,0.3926863693823471,0.31726344137136314,-0.05737642557486059,0.03480847188835374,-0.32810644289025226,-0.03607477099499608,0.07083074746956641,0.009711280722544152,-0.04276096367927418,0.003916446497257281,0.005168298576230884,0.01514399981468939,-0.03727182310322964,-0.033882544154343164,0.09746209406945573,-0.02200724430255775,-0.03739720919540149,-0.007142088422593236,0.0274751073733097,-0.11091037811302742,T
0.11406467129384677,-0.2735479981727762,-0.3336261428284417,-0.6132140258261874,-0.09153034450027737,1.6673652581685938,0.7747017937788188,-0.6346387582908597,0.6262529423997883,1.4369909320391003,0.5944588022422211,-0.2379859832677375,0.5030670598117303,-0.2788900931559365,0.87151172375674,-0.4272468368951513,-0.2262445779850769,0.19541719738738417,0.025905950142736195,0.04237719907259882,-0.33879941448439543,-0.20584673104481332,0.14964756646798197,0.24745943881603347,-0.21781494851663227,0.4591718259363189,0.4646630503462425,-0.001206131918224801,-0.14729916659669065,-0.12375871433177485,0.15119077978193624,-0.07485652903276843,-0.1755117737461241,0.2491187578697795,-0.1397913942753301,0.02938388595740915,0.041995655778926604,-0.006280500732581618,0.037739910772055324,0.1010992965712267,T
-0.4388292868269867,-0.34384758336832755,-0.5337997660126237,-0.6240984170310648,-0.32402690095048553,1.3181384452233034,-0.15896132352675854,-0.0939364581904925,0.4409494268573491,-0.19796265730794715,-0.2366060463691772,0.46474674043297337,-0.08368049372142122,-0.05564153599646922,0.04868668279975141,0.17009099358250412,0.2322831655715535,0.023191204252693706,-0.005985029361776473,-0.3156503993680478,0.3926863693823471,0.31726344137136314,-0.05737642557486059,0.03480847188835374,-0.32810644289025226,-0.03607477099499608,0.07083074746956641,0.009711280722544152,-0.04276096367927418,0.003916446497257281,0.005168298576230884,0.01514399981468939,-0.03727182310322964,-0.033882544154343164,0.09746209406945573,-0.02200724430255775,-0.03739720919540149,-0.007142088422593236,0.0274751073733097,-0.11091037811302742,T
-0.5135649670718807,-0.2328947483011802,-0.3913758358906342,-0.3671336101550624,-0.12303835270276983,0.48350205163458143,-0.029936383817254907,0.04377554849560194,0.07194515248621879,-0.1940287687212371,-0.05780162239623528,0.06506345340352768,-0.04462503531598662,-0.04299544284469627,-0.08861514182246727,0.03277166636196542,-0.0013203368789075354,0.019942056726045702,0.022571863317817464,0.050869130559880044,-0.04361916606918356,-0.05100755213385465,-0.020925247151560668,0.016478968990314077,0.07085530231098786,-0.009462981583758592,-0.018451893127872987,0.00019920213721871805,0.03263193795142675,0.009869942643914194,-0.05626117171469036,0.03214910116298559,-0.051401436469656385,0.0015961906365453069,-0.0009323521353490558,-0.016051607229865726,-0.018894490817784743,-0.04910850598449809,0.024956356459752818,0.01829769111974007,T
-0.3998629423560306,-0.3524927905223588,-0.5329437535067801,-0.5687169468927654,-0.33703827805292746,1.3399590909920704,-0.09807808182650948,0.10048361388849199,0.39973425170681326,-0.20226652968968423,-0.1540597260728779,0.3659342445286217,-0.09608543236112824,0.009073880100187118,0.28588385444284,0.19370529252872082,0.19560817398991992,0.13326735128816192,-0.3914523546571084,0.36198089524226595,-0.216891356523309,0.02467392266517912,-0.08768422170283573,-0.2603657378362528,0.34931127749776186,-0.29424374790989616,-0.5097166772358587,-0.2966301946783581,-0.34560214612660584,-0.015514261757767073,0.45207089211314017,0.016245984481257865,0.48706049906924725,0.21806677985917086,-0.12452650250190142,0.05701203377802761,0.00865080360552413,0.09515898887755886,-0.017345088378296097,0.03680443599132538,T
-0.5135649670718806,-0.23289474830118023,-0.391375835890634,-0.3671336101550623,-0.12303835270276975,0.48350205163458126,-0.0299363838172549,0.04377554849560196,0.07194515248621879,-0.1940287687212371,-0.05780162239623521,0.0650634534035277,-0.044625035315986585,-0.042995442844696294,-0.08861514182246735,0.03277166636196545,-0.0013203368789075232,0.0199420567260457,0.022571863317817464,0.050869130559880044,-0.043619166069183576,-0.0510075521338546,-0.02092524715156068,0.016478968990314077,0.07085530231098784,-0.009462981583758613,-0.018451893127873112,0.00019920213721873192,0.03263193795142675,0.009869942643914194,-0.05626117171469036,0.032149101162985576,-0.051401436469656385,0.0015961906365452652,-0.0009323521353490141,-0.01605160722986576,-0.018894490817784784,-0.049108505984498084,0.024956356459752818,0.01829769111974007,T
-0.3468408442986938,-0.2815134263902019,-0.396944769335987,-0.3790306782975794,-0.18469817643169945,0.506016050700712,-0.07283065853729806,0.1285882730357024,0.04766435454746393,-0.19300921618199293,-0.05538887546271505,0.08831786355335908,-0.02727891160198752,-0.024142745244598827,-0.11600611847337197,0.031930752326701575,-0.004127242808390952,-0.011994073739620827,0.030805656856434674,0.05969621339691261,-0.10093154527859692,-0.061237883007506065,0.005467149690593365,0.05352173505108638,0.09426648466976753,-0.038985941514529374,-0.09510071531012126,-0.020249920779175826,0.1401626788900092,0.026955962603006613,-0.2192395716966306,0.13077645461874815,-0.30133212912283236,-0.17266436169052424,-0.28692634140346984,0.546960829204743,0.2025252500795094,0.47157422485513095,-0.15134791661741845,-0.1323629758698992,T
-0.2809692167824672,-0.025992508674051312,-0.26991807687471026,-0.3187266575988746,0.12342300046337912,-0.028973513799000955,1.087847902609282,-0.18688084395586502,-0.14754144327235652,1.8456516566192425,0.5118178873168088,-1.094242461625154,1.2146083940827768,0.4857740336959946,-0.6347354098243827,-0.0880095565503198,0.31391537465974373,0.1603968532962975,0.20708334348515345,0.04895234915574662,0.28824424661351655,0.4757415683216576,-0.5385316543475638,-0.12302575191295269,0.04625698511569552,-0.31006891512237533,-0.3345065990592462,-0.38675615003376956,0.01168569149339075,-0.002280315750761281,-0.05998729512644048,-0.08200587059395013,-0.14599272165801586,-0.07219574192321195,0.010470255322917454,-0.04039420304846493,0.024985863361779242,-0.010108842285728375,0.022365042248394057,0.02441942694682652,P
-0.5135649670718807,-0.2328947483011802,-0.3913758358906342,-0.3671336101550624,-0.12303835270276983,0.48350205163458143,-0.029936383817254907,0.04377554849560194,0.07194515248621879,-0.1940287687212371,-0.05780162239623528,0.06506345340352768,-0.04462503531598662,-0.04299544284469627,-0.08861514182246727,0.03277166636196542,-0.0013203368789075354,0.019942056726045702,0.022571863317817464,0.050869130559880044,-0.04361916606918356,-0.05100755213385465,-0.020925247151560668,0.016478968990314077,0.07085530231098786,-0.009462981583758592,-0.018451893127872987,0.00019920213721871805,0.03263193795142675,0.009869942643914194,-0.05626117171469036,0.03214910116298559,-0.051401436469656385,0.0015961906365453069,-0.0009323521353490558,-0.016051607229865726,-0.018894490817784743,-0.04910850598449809,0.024956356459752818,0.01829769111974007,T
-0.5135649670718806,-0.23289474830118023,-0.391375835890634,-0.3671336101550623,-0.12303835270276975,0.48350205163458126,-0.0299363838172549,0.04377554849560196,0.07194515248621879,-0.1940287687212371,-0.05780162239623521,0.0650634534035277,-0.044625035315986585,-0.042995442844696294,-0.08861514182246735,0.03277166636196545,-0.0013203368789075232,0.0199420567260457,0.022571863317817464,0.050869130559880044,-0.043619166069183576,-0.0510075521338546,-0.02092524715156068,0.016478968990314077,0.07085530231098784,-0.009462981583758613,-0.018451893127873112,0.00019920213721873192,0.03263193795142675,0.009869942643914194,-0.05626117171469036,0.032149101162985576,-0.051401436469656385,0.0015961906365452652,-0.0009323521353490141,-0.01605160722986576,-0.018894490817784784,-0.049108505984498084,0.024956356459752818,0.01829769111974007,T
-0.5135649670718806,-0.23289474830118023,-0.391375835890634,-0.3671336101550623,-0.12303835270276975,0.48350205163458126,-0.0299363838172549,0.04377554849560196,0.07194515248621879,-0.1940287687212371,-0.05780162239623521,0.0650634534035277,-0.044625035315986585,-0.042995442844696294,-0.08861514182246735,0.03277166636196545,-0.0013203368789075232,0.0199420567260457,0.022571863317817464,0.050869130559880044,-0.043619166069183576,-0.0510075521338546,-0.02092524715156068,0.016478968990314077,0.07085530231098784,-0.009462981583758613,-0.018451893127873112,0.00019920213721873192,0.03263193795142675,0.009869942643914194,-0.05626117171469036,0.032149101162985576,-0.051401436469656385,0.0015961906365452652,-0.0009323521353490141,-0.01605160722986576,-0.018894490817784784,-0.049108505984498084,0.024956356459752818,0.01829769111974007,T
-0.5135649670718806,-0.23289474830118023,-0.391375835890634,-0.3671336101550623,-0.12303835270276975,0.48350205163458126,-0.0299363838172549,0.04377554849560196,0.07194515248621879,-0.1940287687212371,-0.05780162239623521,0.0650634534035277,-0.044625035315986585,-0.042995442844696294,-0.08861514182246735,0.03277166636196545,-0.0013203368789075232,0.0199420567260457,0.022571863317817464,0.050869130559880044,-0.043619166069183576,-0.0510075521338546,-0.02092524715156068,0.016478968990314077,0.07085530231098784,-0.009462981583758613,-0.018451893127873112,0.00019920213721873192,0.03263193795142675,0.009869942643914194,-0.05626117171469036,0.032149101162985576,-0.051401436469656385,0.0015961906365452652,-0.0009323521353490141,-0.01605160722986576,-0.018894490817784784,-0.049108505984498084,0.024956356459752818,0.01829769111974007,T
-0.5135649670718806,-0.23289474830118023,-0.391375835890634,-0.3671336101550623,-0.12303835270276975,0.48350205163458126,-0.0299363838172549,0.04377554849560196,0.07194515248621879,-0.1940287687212371,-0.05780162239623521,0.0650634534035277,-0.044625035315986585,-0.042995442844696294,-0.08861514182246735,0.03277166636196545,-0.0013203368789075232,0.0199420567260457,0.022571863317817464,0.050869130559880044,-0.043619166069183576,-0.0510075521338546,-0.02092524715156068,0.016478968990314077,0.07085530231098784,-0.009462981583758613,-0.018451893127873112,0.00019920213721873192,0.03263193795142675,0.009869942643914194,-0.05626117171469036,0.032149101162985576,-0.051401436469656385,0.0015961906365452652,-0.0009323521353490141,-0.01605160722986576,-0.018894490817784784,-0.049108505984498084,0.024956356459752818,0.01829769111974007,T
-0.5135649670718807,-0.2328947483011802,-0.3913758358906342,-0.3671336101550624,-0.12303835270276983,0.48350205163458143,-0.029936383817254907,0.04377554849560194,0.07194515248621879,-0.1940287687212371,-0.05780162239623528,0.06506345340352768,-0.04462503531598662,-0.04299544284469627,-0.08861514182246727,0.03277166636196542,-0.0013203368789075354,0.019942056726045702,0.022571863317817464,0.050869130559880044,-0.04361916606918356,-0.05100755213385465,-0.020925247151560668,0.016478968990314077,0.07085530231098786,-0.009462981583758592,-0.018451893127872987,0.00019920213721871805,0.03263193795142675,0.009869942643914194,-0.05626117171469036,0.03214910116298559,-0.051401436469656385,0.0015961906365453069,-0.0009323521353490558,-0.016051607229865726,-0.018894490817784743,-0.04910850598449809,0.024956356459752818,0.01829769111974007,T
-0.5390475323659465,-0.2565652948863013,-0.3523546046824524,-0.4285041616872425,-0.03648521375111922,0.003918817794943907,-0.5622159489875482,-0.04519967648585731,0.6632780052225533,0.2585066047918869,-0.21883416675383496,0.3221668047879364,-0.0959440259181647,0.03786934539163419,0.09591129879632708,0.04326250041504734,0.16144788142544012,0.12593060389940403,0.017727154826140443,0.1492038141124778,-0.2204556369074676,-0.04611433831786374,0.08822887070976713,0.08802816033989763,0.14779253351271965,-0.2540363726078907,0.09269949653521521,0.0014303446989567294,0.0468266408813944,0.04128182780011741,-0.08660607309716577,0.03215787664236079,-0.09904765761254422,-0.30118024277257743,0.4494415711691867,-0.04033876863724194,0.055115878696297596,0.06205923388871032,0.09122704125975874,0.3393450369537349,T
-0.5135649670718806,-0.23289474830118023,-0.391375835890634,-0.3671336101550623,-0.12303835270276975,0.48350205163458126,-0.0299363838172549,0.04377554849560196,0.07194515248621879,-0.1940287687212371,-0.05780162239623521,0.0650634534035277,-0.044625035315986585,-0.042995442844696294,-0.08861514182246735,0.03277166636196545,-0.0013203368789075232,0.0199420567260457,0.022571863317817464,0.050869130559880044,-0.043619166069183576,-0.0510075521338546,-0.02092524715156068,0.016478968990314077,0.07085530231098784,-0.009462981583758613,-0.018451893127873112,0.00019920213721873192,0.03263193795142675,0.009869942643914194,-0.05626117171469036,0.032149101162985576,-0.051401436469656385,0.0015961906365452652,-0.0009323521353490141,-0.01605160722986576,-0.018894490817784784,-0.049108505984498084,0.024956356459752818,0.01829769111974007,T
-0.5135649670718806,-0.23289474830118023,-0.391375835890634,-0.3671336101550623,-0.12303835270276975,0.48350205163458126,-0.0299363838172549,0.04377554849560196,0.07194515248621879,-0.1940287687212371,-0.05780162239623521,0.0650634534035277,-0.044625035315986585,-0.042995442844696294,-0.08861514182246735,0.03277166636196545,-0.0013203368789075232,0.0199420567260457,0.022571863317817464,0.050869130559880044,-0.043619166069183576,-0.0510075521338546,-0.02092524715156068,0.016478968990314077,0.07085530231098784,-0.009462981583758613,-0.018451893127873112,0.00019920213721873192,0.03263193795142675,0.009869942643914194,-0.05626117171469036,0.032149101162985576,-0.051401436469656385,0.0015961906365452652,-0.0009323521353490141,-0.01605160722986576,-0.018894490817784784,-0.049108505984498084,0.024956356459752818,0.01829769111974007,T
-0.5135649670718806,-0.23289474830118023,-0.391375835890634,-0.3671336101550623,-0.12303835270276975,0.48350205163458126,-0.0299363838172549,0.04377554849560196,0.07194515248621879,-0.1940287687212371,-0.05780162239623521,0.0650634534035277,-0.044625035315986585,-0.042995442844696294,-0.08861514182246735,0.03277166636196545,-0.0013203368789075232,0.0199420567260457,0.022571863317817464,0.050869130559880044,-0.043619166069183576,-0.0510075521338546,-0.02092524715156068,0.016478968990314077,0.07085530231098784,-0.009462981583758613,-0.018451893127873112,0.00019920213721873192,0.03263193795142675,0.009869942643914194,-0.05626117171469036,0.032149101162985576,-0.051401436469656385,0.0015961906365452652,-0.0009323521353490141,-0.01605160722986576,-0.018894490817784784,-0.049108505984498084,0.024956356459752818,0.01829769111974007,T
-0.5033879958857608,-0.04238521492879971,-0.3773613690812654,-0.4034185502172548,-0.2544448335887384,0.42750846624039984,0.335499611831884,-0.03765233908803863,-0.09195847875313369,0.14621908196390743,-0.07690036866430996,0.23235248974021996,0.0188868891315868,0.009034684695588734,0.00960815462075644,0.1585501510256144,0.08996043322097291,0.19306142510297425,-0.003188922580938322,-0.061565238466489175,-0.1298499016745712,-0.151989567306474,-0.08372550452659344,0.10283055198812265,0.040135190646397076,0.2916335011832325,0.15147634264315285,-0.2582387783665438,0.07959716594084781,-0.09978221072592885,-0.014630972043642314,-0.14159549773601846,0.1793190628531157,-0.17972924463664852,0.017969098449501848,-0.018281695367911154,0.025714422067647402,0.10034219793578428,-0.11219415772242097,0.19758064400163985,T
-0.4797441961357137,0.025137698048258855,-0.29515093655239605,-0.2371596668894236,-0.19690255439013674,-0.609299002178586,0.7587539732066513,0.00036160006536304495,-1.3331827472236777,0.6910298125915956,-0.12369384720371386,1.0187762602136652,-0.27290910229065,-0.21227998813365886,0.33223169272695263,-0.16962451041232307,0.06049107043055405,-0.054567282269463266,-0.01166015522584446,0.013740572177895191,0.06238899697484553,0.0817614539517757,0.05252708276439582,-0.02943516222510539,0.031396317017844594,-0.11276707547639783,-0.07240494558957475,0.08347653884029575,-0.021890427834029974,0.06409523780041443,-0.003368815570731986,0.044551980308781505,-0.0957650501257607,0.06285346435690731,-0.012330626567370329,-0.06154962917856531,-0.07545508758224825,0.050955120043025964,-0.04133360911896802,0.02438525848351386,G
-0.4797441961357137,0.025137698048258855,-0.29515093655239605,-0.2371596668894236,-0.19690255439013674,-0.609299002178586,0.7587539732066513,0.00036160006536304495,-1.3331827472236777,0.6910298125915956,-0.12369384720371386,1.0187762602136652,-0.27290910229065,-0.21227998813365886,0.33223169272695263,-0.16962451041232307,0.06049107043055405,-0.054567282269463266,-0.01166015522584446,0.013740572177895191,0.06238899697484553,0.0817614539517757,0.05252708276439582,-0.02943516222510539,0.031396317017844594,-0.11276707547639783,-0.07240494558957475,0.08347653884029575,-0.021890427834029974,0.06409523780041443,-0.003368815570731986,0.044551980308781505,-0.0957650501257607,0.06285346435690731,-0.012330626567370329,-0.06154962917856531,-0.07545508758224825,0.050955120043025964,-0.04133360911896802,0.02438525848351386,G
-0.4797441961357137,0.025137698048258855,-0.29515093655239605,-0.2371596668894236,-0.19690255439013674,-0.609299002178586,0.7587539732066513,0.00036160006536304495,-1.3331827472236777,0.6910298125915956,-0.12369384720371386,1.0187762602136652,-0.27290910229065,-0.21227998813365886,0.33223169272695263,-0.16962451041232307,0.06049107043055405,-0.054567282269463266,-0.01166015522584446,0.013740572177895191,0.06238899697484553,0.0817614539517757,0.05252708276439582,-0.02943516222510539,0.031396317017844594,-0.11276707547639783,-0.07240494558957475,0.08347653884029575,-0.021890427834029974,0.06409523780041443,-0.003368815570731986,0.044551980308781505,-0.0957650501257607,0.06285346435690731,-0.012330626567370329,-0.06154962917856531,-0.07545508758224825,0.050955120043025964,-0.04133360911896802,0.02438525848351386,G
-0.4684198845302601,0.0238471637058634,-0.2768939744956649,-0.21248735223039455,-0.16156007620209917,-0.4800884833007974,0.5778233365172094,0.00026851093668459405,-0.9243524505247999,0.447376181234945,-0.06806147289590692,0.532710466319607,-0.12791935867910537,-0.08604735588414864,0.08427383713703895,-0.027988994425046446,0.0006744732680196153,0.005334351952299837,0.004585663698495848,-0.007825145396299332,-0.039514240473682176,-0.0567054038270952,-0.04026369684365528,0.03166117479564333,-0.03996649886939651,0.16517071449809642,0.12436804347147057,-0.17247053789935024,0.04955259975660746,-0.15404122689118552,0.009645674124526875,-0.1318928151418321,0.35538164410882234,-0.27610261431875516,0.06309950271176551,0.3295553643141274,0.4221721159157361,-0.33120923250612677,0.2942246767744961,-0.2036668106694134,G
-0.2839855518217056,-0.026103393555312812,-0.29798582180884786,-0.10288206524654256,-0.24916188690068913,-0.5159586826958872,0.8743296048346808,-0.061305124418167545,-0.38122939673609535,0.41443853141497194,0.04393847095033216,-0.4882287748884663,0.39749485183522637,0.4753730923836486,-0.40954985985158054,1.646716004068478,0.6540219842076337,0.5927977637127754,-0.3784740679736237,-0.3901752655686795,-0.09044157989596577,-0.3317435763272837,0.7271498254289127,0.15086321983405374,-0.055319827479756535,0.005906539771622171,0.007017887693698988,0.2790725229386241,-0.028410267576866592,0.09948330384373862,0.03460618947469808,0.08904810693985309,0.033660379673536966,0.07704913142635966,-0.03418937041046784,0.0072700646051507,-0.008413909311155099,-0.004280190682244243,0.015451162019561876,-0.01671974689245092,G
-0.5202374422754448,-0.23497298246590498,-0.344785645044989,-0.3612741479550039,-0.1226829941930234,0.46287030643456867,-0.09323888003425133,0.011307948285686542,0.12355846878198937,-0.24457563392435427,0.47714740797891475,0.24920423347900006,-0.03995361046418751,0.05608800344700447,-0.048761128487783335,0.17811884434147,-0.15715111476836338,-0.02193284631872828,0.09719768547992656,0.10041029832157469,0.09379686904996726,-0.00884232604129994,0.07604464610223524,-0.04115526598046579,0.1507789223576502,-0.12236869013062143,0.01560503849156121,-0.059701949023584513,0.24323921859476447,0.05933997204675273,-0.09128809708094215,-0.04809018580565628,0.06094495357637971,-0.19344524157389908,-0.2884695320742595,-0.3600676836483041,-0.0073913710223006,0.022846048331331394,0.16601750715840674,-0.166333284043229,T
-0.5135649670718806,-0.23289474830118023,-0.391375835890634,-0.3671336101550623,-0.12303835270276975,0.48350205163458126,-0.0299363838172549,0.04377554849560196,0.07194515248621879,-0.1940287687212371,-0.05780162239623521,0.0650634534035277,-0.044625035315986585,-0.042995442844696294,-0.08861514182246735,0.03277166636196545,-0.0013203368789075232,0.0199420567260457,0.022571863317817464,0.050869130559880044,-0.043619166069183576,-0.0510075521338546,-0.02092524715156068,0.016478968990314077,0.07085530231098784,-0.009462981583758613,-0.018451893127873112,0.00019920213721873192,0.03263193795142675,0.009869942643914194,-0.05626117171469036,0.032149101162985576,-0.051401436469656385,0.0015961906365452652,-0.0009323521353490141,-0.01605160722986576,-0.018894490817784784,-0.049108505984498084,0.024956356459752818,0.01829769111974007,T
-0.5135649670718806,-0.23289474830118023,-0.391375835890634,-0.3671336101550623,-0.12303835270276975,0.48350205163458126,-0.0299363838172549,0.04377554849560196,0.07194515248621879,-0.1940287687212371,-0.05780162239623521,0.0650634534035277,-0.044625035315986585,-0.042995442844696294,-0.08861514182246735,0.03277166636196545,-0.0013203368789075232,0.0199420567260457,0.022571863317817464,0.050869130559880044,-0.043619166069183576,-0.0510075521338546,-0.02092524715156068,0.016478968990314077,0.07085530231098784,-0.009462981583758613,-0.018451893127873112,0.00019920213721873192,0.03263193795142675,0.009869942643914194,-0.05626117171469036,0.032149101162985576,-0.051401436469656385,0.0015961906365452652,-0.0009323521353490141,-0.01605160722986576,-0.018894490817784784,-0.049108505984498084,0.024956356459752818,0.01829769111974007,T
-0.46358687663970694,-0.16836099737890575,-0.266942261624314,-0.1441615668703657,0.014855142216816053,-0.260947848790665,-0.014472080759938992,0.08158026786821528,-0.2571320296709348,-0.18910616352996026,0.01687339244088671,-0.20536441672987474,-0.02378809329175398,0.005211214459373467,-0.2828729646683168,-0.004341745249607849,-0.1506452116328102,-0.10983532352598833,0.04446256954101109,0.08713734032053315,-0.03367317836145919,-0.06217915927055834,-0.04654518097415957,-0.015499638758432903,-0.050328348824402014,0.006312888005540408,0.038548892114811904,0.0062907711479657374,0.02012270085081213,-0.08777512094880319,-0.031391169615911305,0.03952420769698409,0.01774323639577626,0.0625886789141267,-0.009037993044282211,0.024858898960095056,-0.052886308462275,-0.034799144546993,-0.029267083343239277,0.023898656079978264,T
-0.35586116868317863,-0.30745661932450596,-0.4149041066887519,-0.5343621941828705,0.17823487987736472,0.581809441726947,-0.057984473136724474,-0.14349815794096932,0.7867826762230596,1.5184898224961412,0.004650575395421075,-0.41463361758170647,0.4309564568582754,0.013717524005506933,-0.061907715999687224,-0.5469207623349795,-0.3340610609188933,-0.6393417036960349,-0.09996339181209049,0.05821216200080674,0.06934819337769794,-0.14753894097268794,0.24711945849747433,-0.16605735155265064,0.25250060671668534,-0.10200429784697639,0.018907649982379995,0.706870155345047,0.07221296597956799,0.12472241195744956,-0.05004264886256315,0.2038304114703075,0.36716829582313903,-0.10628012893810354,0.1157904594161231,0.03197178638144954,-0.10091858831185296,0.017332190044736115,-0.07208880516924795,-0.19368181084606217,T
-0.5135649670718806,-0.23289474830118023,-0.391375835890634,-0.3671336101550623,-0.12303835270276975,0.48350205163458126,-0.0299363838172549,0.04377554849560196,0.07194515248621879,-0.1940287687212371,-0.05780162239623521,0.0650634534035277,-0.044625035315986585,-0.042995442844696294,-0.08861514182246735,0.03277166636196545,-0.0013203368789075232,0.0199420567260457,0.022571863317817464,0.050869130559880044,-0.043619166069183576,-0.0510075521338546,-0.02092524715156068,0.016478968990314077,0.07085530231098784,-0.009462981583758613,-0.018451893127873112,0.00019920213721873192,0.03263193795142675,0.009869942643914194,-0.05626117171469036,0.032149101162985576,-0.051401436469656385,0.0015961906365452652,-0.0009323521353490141,-0.01605160722986576,-0.018894490817784784,-0.049108505984498084,0.024956356459752818,0.01829769111974007,T
-0.21212169566191452,-0.27357385991210675,-0.3203890887405133,0.8119282365329837,0.060193529396156985,-0.12685576333461343,-0.025673047380272748,-0.19123183475439093,-0.19066275245622727,-0.09731697779526116,0.04313708102192074,-0.4033294321985938,-0.07713680635840273,-0.475442185282347,0.14126682581442118,-0.009519222759998155,-0.2757678939884646,0.08577807795971853,0.07295858411408837,-0.04036218144942266,-0.10390520307494686,-0.16969480067513015,0.02106580828445294,0.07047817317999933,-0.2851635786334633,-0.1590016003946026,-0.10249875917915355,-0.25068672766294653,0.11308010138596916,-0.05509523386651462,-0.05963586809515034,0.014527064851970936,-0.00614527405127091,0.021101844680552373,0.09508016905790033,0.001170414104830167,-0.16408866356147309,-0.0483896997556471,-0.09975874889657813,-0.1622547321679833,I
-0.48263351275556565,-0.19960300750002263,-0.35772853086999534,0.7257250694836799,0.011890236743393501,-0.10715285926389767,-0.03372233234718278,0.11981591372366138,-0.2256156961719461,-0.10103243697509628,-0.0782491018718224,-0.19830539168810496,-0.04109434718326841,-0.016172976111060666,-0.17975583589435645,0.038004701258453566,-0.1296948615928809,-0.09906099784335287,-0.04520024963286513,0.16758616544086027,-0.046717199096179794,-0.01227205847679599,-0.13854985264378522,-0.12147094630324028,-0.125144417631926,-0.009306211542228698,0.0679033097932632,0.01576496325124549,0.13294053750197354,-0.06099761982609676,-0.06840748411316425,0.07233336661365464,-0.0281683240679347,-0.04177484822842237,0.04153690883870669,-0.002627623244327193,-0.04923980183041146,-0.07589161649189105,-0.08813984888578448,-0.010982810474991389,I
-0.5639394643253226,-0.16025818574970485,-0.8246791816312435,5.510007767517722,-0.026458561573816774,0.5954027505004282,0.06527072599972589,0.2877233623575332,0.4781545024256581,0.18436933506513767,0.051648879835575826,0.938661466591435,0.26691505805854054,0.2957596462302578,-0.881191051677342,-0.7865075470154791,0.45319285163312445,0.028273397966509628,-0.026989814308681623,-0.24064834286333422,-0.001183851553476431,-0.3603626901119466,0.15440472313387563,0.15738529501027387,-0.09930182807743193,0.10966552121160393,-0.17672410745304215,-0.015756525423464757,-0.16944162324327888,-0.056543602659719985,-0.006219813404604944,0.007131793367678468,-0.004391645310408018,0.0038250841461693677,-0.05048321721775559,-0.03403637763789073,0.014178569294858778,0.008795262195448808,0.033746397112877795,0.017797471859061637,I
-0.1246245299015836,-0.0611747527243493,-0.468016390773085,1.8671958600667515,0.04348479933110679,-0.0009335733874022423,-0.17663667482886128,-0.08835736570478103,-0.16150935258585808,-0.07307794837503351,-0.08277116494389736,-0.41872849532492185,0.08762384407376132,-0.7582363245745605,0.18271040917456874,-0.27138810673745883,-0.5972088868621084,0.9530392127978411,-0.41410145707534696,-0.2741155424712736,0.0487223226909317,0.32969340613011283,-0.05281056985310123,-0.15984306806337154,-0.129438163294106,-0.28756776759529257,0.18398345969445495,0.04950027250498887,0.6042354243780805,0.40941639259623464,0.06168062194993676,0.10081428207539539,0.22604626530228045,0.0479649832095409,-0.09120442967804997,0.04702992849162,0.09452321098806715,0.014703307353867968,0.0193657632884765,0.179769158454905,I
-0.03836504926424901,-0.4216565729524654,-0.5699850714500916,3.1045310663928882,-0.048419313392150255,0.17858853844455225,-0.00985019401272589,-0.2534772497142943,-0.04301121690433031,0.16936593507586337,-0.37480460679106725,-0.5019981068598944,-0.15215708251665788,-0.6747575752730638,0.6545731917345212,1.0434106860490862,-0.09018489297938717,-0.46452665570445556,1.0935198502694385,0.013946086095120963,0.06030967115548369,0.3461941113311695,-0.06456760422182206,0.1846812027862725,0.5737333566932268,0.0858496327595461,0.07021869629531399,0.03366161469917001,-0.048620166043786536,0.06476554593512798,0.034902315457742396,-0.02742613272392981,0.03184329997393129,0.03604697039554437,0.0024753896826603256,0.00827250339972578,0.007653086103607487,0.014435895706671184,0.036669675376659834,-0.005376796139404477,I
-0.46358687663970694,-0.16836099737890575,-0.266942261624314,-0.1441615668703657,0.014855142216816053,-0.260947848790665,-0.014472080759938992,0.08158026786821528,-0.2571320296709348,-0.18910616352996026,0.01687339244088671,-0.20536441672987474,-0.02378809329175398,0.005211214459373467,-0.2828729646683168,-0.004341745249607849,-0.1506452116328102,-0.10983532352598833,0.04446256954101109,0.08713734032053315,-0.03367317836145919,-0.06217915927055834,-0.04654518097415957,-0.015499638758432903,-0.050328348824402014,0.006312888005540408,0.038548892114811904,0.0062907711479657374,0.02012270085081213,-0.08777512094880319,-0.031391169615911305,0.03952420769698409,0.01774323639577626,0.0625886789141267,-0.009037993044282211,0.024858898960095056,-0.052886308462275,-0.034799144546993,-0.029267083343239277,0.023898656079978264,G
-0.3825525914082549,-0.19479953973460312,-0.273316043558351,-0.15209853907371346,-0.014052908322870625,-0.2783060961926065,-0.037448600454401376,0.13260735151010394,-0.3012878602917219,-0.20728813112735392,0.02371038456678968,-0.23455058571300835,-0.016900198238860888,0.01974841566228212,-0.3851780726910221,-0.009677622364862531,-0.2263012186315616,-0.19667234210181256,0.08402702190523041,0.17562254571638,-0.10666534220630446,-0.1346819634801494,-0.08306776721562903,-0.02023800446179965,-0.23304941629761664,-0.0024725632638821424,0.2312449285343431,-0.056292097401815504,-0.4069676183264301,0.6462180688878557,0.1470049294714364,-0.14267745431250414,-0.019419141308413993,-0.0665167719223044,0.005550128339444224,-0.014967831372707387,0.04462945529024043,0.046128077801337486,0.008808805690036536,-0.02442852761124089,G
-0.3810416280638483,-0.1931183654509152,-0.27046896943651966,-0.14941480780837973,-0.013619546162096841,-0.26810923706390466,-0.035898685169651175,0.126662619581432,-0.2850597594206892,-0.19434612493239894,0.021789035715130585,-0.21428840545075767,-0.015258380425474567,0.01757585880559947,-0.33045929105595706,-0.008113101222921637,-0.18164520758585181,-0.15263157948202555,0.05861354475046347,0.11340887376929572,-0.06676696833409443,-0.0817172106997765,-0.048405432522276165,-0.009534010747146056,-0.09092190842540639,-0.0007487617005218117,0.03978069140101529,0.002536333130494714,0.0784284142517116,-0.20074174760258623,-0.11877540346760432,0.1343721930173245,0.05155157684495849,0.5242453660336016,0.29499676672828107,-0.2834107606141934,0.539294807312448,0.2767661681143888,0.04256830166758445,-0.09258293117078994,G
-0.3208547022099125,-0.32983385177893054,-0.45288954339207144,2.6781363284811146,0.006462538851345442,0.358155535344705,-0.12283450898018938,0.15369743858255921,-0.30193302336096295,0.13776144551376013,-0.06738560896241157,-0.5531494787788129,-0.3768567669083088,0.7792656880599548,0.9814287196213494,0.5402947654922995,-0.08946985735286535,-0.19389780559918257,-0.9104298383138631,0.6299859386738657,-0.05658274708371305,0.15420834869846756,-0.22256937055227566,-0.4255406906581493,-0.25100004405075677,-0.033485256783407205,0.13480026889171967,0.04408630521237687,-0.08467195661707305,-0.18903673649683755,-0.04213868786205886,-0.06405468576736245,-0.18327485793173648,-0.10621253906457542,0.11346227618441776,0.008935933492305814,-0.0220841826913875,-0.008427730734120426,-0.05769504641537983,-0.09384555864065233,I
-0.46358687663970694,-0.16836099737890575,-0.266942261624314,-0.1441615668703657,0.014855142216816053,-0.260947848790665,-0.014472080759938992,0.08158026786821528,-0.2571320296709348,-0.18910616352996026,0.01687339244088671,-0.20536441672987474,-0.02378809329175398,0.005211214459373467,-0.2828729646683168,-0.004341745249607849,-0.1506452116328102,-0.10983532352598833,0.04446256954101109,0.08713734032053315,-0.03367317836145919,-0.06217915927055834,-0.04654518097415957,-0.015499638758432903,-0.050328348824402014,0.006312888005540408,0.038548892114811904,0.0062907711479657374,0.02012270085081213,-0.08777512094880319,-0.031391169615911305,0.03952420769698409,0.01774323639577626,0.0625886789141267,-0.009037993044282211,0.024858898960095056,-0.052886308462275,-0.034799144546993,-0.029267083343239277,0.023898656079978264,I
-0.46358687663970694,-0.16836099737890575,-0.266942261624314,-0.1441615668703657,0.014855142216816053,-0.260947848790665,-0.014472080759938992,0.08158026786821528,-0.2571320296709348,-0.18910616352996026,0.01687339244088671,-0.20536441672987474,-0.02378809329175398,0.005211214459373467,-0.2828729646683168,-0.004341745249607849,-0.1506452116328102,-0.10983532352598833,0.04446256954101109,0.08713734032053315,-0.03367317836145919,-0.06217915927055834,-0.04654518097415957,-0.015499638758432903,-0.050328348824402014,0.006312888005540408,0.038548892114811904,0.0062907711479657374,0.02012270085081213,-0.08777512094880319,-0.031391169615911305,0.03952420769698409,0.01774323639577626,0.0625886789141267,-0.009037993044282211,0.024858898960095056,-0.052886308462275,-0.034799144546993,-0.029267083343239277,0.023898656079978264,I
-0.463586876639707,-0.1683609973789057,-0.266942261624314,-0.14416156687036571,0.014855142216816036,-0.26094784879066485,-0.014472080759938999,0.08158026786821526,-0.2571320296709348,-0.18910616352996026,0.016873392440886634,-0.2053644167298747,-0.023788093291754006,0.005211214459373489,-0.2828729646683168,-0.004341745249607889,-0.15064521163281022,-0.1098353235259883,0.04446256954101109,0.08713734032053315,-0.03367317836145918,-0.06217915927055839,-0.04654518097415955,-0.015499638758432889,-0.050328348824401986,0.006312888005540432,0.03854889211481197,0.00629077114796571,0.02012270085081213,-0.08777512094880319,-0.03139116961591132,0.039524207696984094,0.017743236395776258,0.0625886789141267,-0.009037993044282253,0.02485889896009505,-0.05288630846227496,-0.034799144546993,-0.029267083343239277,0.023898656079978264,T
-0.3825525914082549,-0.19479953973460312,-0.273316043558351,-0.15209853907371346,-0.014052908322870625,-0.2783060961926065,-0.037448600454401376,0.13260735151010394,-0.3012878602917219,-0.20728813112735392,0.02371038456678968,-0.23455058571300835,-0.016900198238860888,0.01974841566228212,-0.3851780726910221,-0.009677622364862531,-0.2263012186315616,-0.19667234210181256,0.08402702190523041,0.17562254571638,-0.10666534220630446,-0.1346819634801494,-0.08306776721562903,-0.02023800446179965,-0.23304941629761664,-0.0024725632638821424,0.2312449285343431,-0.056292097401815504,-0.4069676183264301,0.6462180688878557,0.1470049294714364,-0.14267745431250414,-0.019419141308413993,-0.0665167719223044,0.005550128339444224,-0.014967831372707387,0.04462945529024043,0.046128077801337486,0.008808805690036536,-0.02442852761124089,T
0.05976187306071924,0.10296973840070717,-0.20509588497249298,-0.20130764936158702,0.18340519489224288,-0.2928544160908831,0.3951153605230624,0.05324432540939198,-0.40200756706594215,0.1262606048933109,-0.08226233541940273,0.07288985752875621,-0.09211724990875726,0.16612605466593502,-0.3032627134726745,0.1325555763472788,0.0014867342350263664,0.23031975919338915,0.04295999978319001,0.08528172613954399,-0.14035488241846683,-0.13170735059584796,-0.3179244240559414,0.12138298331785166,0.01839631629045102,0.5713314804745816,0.20063107068472041,-0.16271467863597222,0.17074486206161443,-0.183828364330168,-0.01223698779874361,-0.17637569695806465,0.39290947251005925,-0.21956062505754675,0.09779109158348823,-0.14073006319505055,-0.2278944827136656,0.2442968393320261,-0.2483327990479971,-0.03781671265564086,T
-0.3482680866072208,0.00512339166231833,-0.24438411964943557,-0.1534869376095856,0.3065188140594039,-0.20483399181119205,-0.016072779154495717,0.14393888874066565,-0.26485008137006205,-0.19815787327564616,-0.04211078516851073,-0.1712719663953395,-0.07617262501777713,0.04598606637430957,-0.3297332551450909,0.0282772173646251,-0.19359653840745755,-0.05405224835726062,0.13880562947855718,0.12273615086930452,-0.05318235558714681,-0.08791477187110698,-0.04302374807566535,0.06383300373294758,-0.0916642466124035,-0.3426633731189338,0.13384459152827768,0.1736605172524529,-0.09002105829470572,-0.3224692777016366,0.01327952019845327,-0.19577507334238883,-0.03508531983310556,0.17686478432543934,-0.23359248992915466,0.17732046471944402,-0.006803120011545344,-0.3122805336118576,-0.14190534645025632,0.1487593187874918,T
9.516970927320184,-1.2400793001509662,-0.15144414229217237,-0.22852389977303003,-0.5690032914359633,-0.2688642133118712,0.42848413942942676,3.586986089958502,0.5743777998211304,0.2915675141577209,0.2500434340694716,-0.008901349847635576,-0.08584551178879646,-0.20727809921537496,0.18700150687301628,0.05800836645934179,-0.07557624266306438,-0.042784608694820515,0.04187548288819097,-0.07306839092268708,0.00021965425196257549,0.031160369037302377,0.03335250459449618,0.043898398045137454,-0.07246490443499323,-0.0043356089643470375,-0.02727051779227279,-0.028582933132424104,0.012997194055676772,-0.00889945323141239,-0.004982279796225633,-0.0022351328095221445,-0.0025992404388250068,-0.0037693554921824912,0.002438991588589512,-0.00799497483285827,-0.005823361403094696,-0.013348467711581047,0.004736965357430345,0.010393832927827251,P
11.845798492714971,-1.4602235597883346,0.07982625944144112,0.07496181510083358,-0.3692185438875452,0.3343540305176066,-0.9317154167359953,-2.662927864406492,-0.8357467337551568,-0.18638820013849675,-0.20625538425076465,0.11096361674524863,0.19743496597781035,0.31446078382218173,-0.23909962410268573,-0.07699501092258493,0.06912419689493914,-0.03849483036236245,-0.03954932310012313,0.060092781291657016,-0.05502026792124881,-0.018663743733717708,0.008734611337924664,-0.01711956672285092,0.056231153409146306,-0.012106273014015345,-0.009790643025185453,0.018699593074218174,0.015765006751144187,0.010482674749284937,-0.01195937112515225,0.011556571452833564,-0.005893294291981377,-0.006839159849200249,0.0007691464406776038,0.0003245646694982618,0.0052821950641743776,-0.014166071327404328,0.005786237785400022,0.007457911872313039,P
-0.41729477832014483,0.28851260952494173,-0.39612663261781084,-0.016090722200323496,-0.09093514253476884,-0.3788000642790258,0.19145962791596108,-0.003413471853708938,-0.028051255646658377,-0.4069804883585901,0.031239757068363773,-0.22712012116601704,-0.006826835493574074,-0.06410935449706227,-0.5422247885069645,-0.36658496818480946,-0.505284315124266,-0.050758745637569005,-0.48193967335375243,-0.08833254510078359,-0.4422847677584475,1.2383209314407528,0.7466831865417136,0.30827445837031464,0.3132882512197909,0.2301111664468762,-0.02334773200384451,-0.07604491280930997,-0.22664164740199144,-0.1312806061937225,0.006947086360226288,-0.1145054759758004,-0.06747873306872743,-0.04872949318906067,0.03781119079569736,-0.01986583912925244,-0.023913348634036664,0.002375874397051052,-0.014460809169457672,-0.04999143260891231,P
2.2319784320303233,10.348253186007824,-1.7553647907273513,-0.03582455134568227,-0.3846547114315904,0.14623671485286088,-0.4718255031431204,0.05449602567931569,0.009745572367747868,0.004821868643017202,0.08292441408451084,-0.03857941274893839,0.06643078287165693,-0.011358278946409645,0.07909018197299093,0.04222355389994539,0.00882951983672331,-0.0585887419469272,0.028682909451895694,-0.006596828534755461,0.00806665128157491,-0.046288622732429174,-0.03048187303973554,-0.010833942489870102,-0.016324467530303616,-0.005796992180838956,-0.020351074823920456,0.005736404157463348,-0.005835291749666377,0.008667098234208609,-0.0030015351040651936,0.015182456624430157,-0.0090283582507521,0.005593243310982321,0.0035520165952003246,0.0006881599656663462,-0.0005180742540373817,-0.0006073409762241688,0.0037436004320290373,-0.003784565092853631,P
1.4822938238717354,0.3607223440277616,-0.43835926668237407,0.12633793191462145,-0.633165366505945,-1.5724412213892893,3.4431242319164923,-1.2195579141531194,2.1144916164043646,-1.107489562405416,-0.15840224141320228,0.15392478821917216,-0.2339159976601425,0.0381324879430239,0.19347000119375055,-0.14492251010025808,-0.015410861519342255,-0.08121986302777051,-0.020730575734234365,0.11513779645186767,0.09013149380355043,-0.0418406382834286,-0.12086461765498188,-0.12026883404162923,0.008527794560581503,-0.08437521018753016,0.0256166930616018,0.04031617098870355,0.023645890019369592,0.026107301752751874,-0.004349034760938536,0.020405152940437505,-0.00756923070434018,-0.004345167849058272,0.009316826624736367,0.010399014056609701,0.007950480575005317,-0.00011271060169411318,-0.0015220133463209051,-0.013041899260514266,P
0.09698327485157253,-0.03865549407310831,0.5807888456824146,-0.13964150149072274,0.3695549090573969,-0.7845016616736848,-0.6076889583925443,0.09627194265024266,0.3284124566196348,0.04416810960931929,0.029932794332049026,0.1519653376125546,-0.19970253074658445,-0.11891441120213253,-0.14212830192808376,0.0024893945369503685,0.2062552652905163,0.8079837740588327,-0.16336805062600732,0.1347251966955811,0.17617338406548053,0.2190515234384628,-0.6939051612474452,-0.10361687796187972,0.3039498120321639,0.7581596630887506,-0.11806264549856091,0.25635836296818815,-0.056654838454485996,0.189938823667273,0.007683453410985041,0.16190535959113944,-0.13038605887493535,0.20989848086181953,-0.07531792986767222,0.015288736871713893,-0.05722545697993806,-0.11187337154385925,0.07017326334325061,-0.13729366555264233,A
-0.47907574228639244,-0.07611837308696079,0.47130116413422146,-0.09942901732204502,0.0017658794362419988,-0.2455299607632496,-0.05939628682628685,0.08180835095944913,-0.20618632250681843,-0.2704403448593721,0.23656260219777275,-0.17026052498972766,0.0309557378924928,-0.11432889091697787,-0.1940528413571136,0.005664060113829134,-0.017494181312243784,-0.13440794927313074,-0.012702618440627728,0.0001770219409444329,-0.013307400281824526,0.011768340557677778,-0.19371890097554723,0.007026555235871909,-0.058144298403628565,0.1082320994291904,-0.2163043281064844,0.2902250912281142,-0.13289529697956418,-0.07136593925441714,-0.06270451878954819,0.10396006135689603,0.0787474353180733,-0.058361076541517634,0.03528549812331234,0.06867512622058526,0.040549024354510285,-0.033897317037917325,-0.04664579792583223,0.1435786244558817,A
-0.47907574228639244,-0.07611837308696079,0.47130116413422146,-0.09942901732204502,0.0017658794362419988,-0.2455299607632496,-0.05939628682628685,0.08180835095944913,-0.20618632250681843,-0.2704403448593721,0.23656260219777275,-0.17026052498972766,0.0309557378924928,-0.11432889091697787,-0.1940528413571136,0.005664060113829134,-0.017494181312243784,-0.13440794927313074,-0.012702618440627728,0.0001770219409444329,-0.013307400281824526,0.011768340557677778,-0.19371890097554723,0.007026555235871909,-0.058144298403628565,0.1082320994291904,-0.2163043281064844,0.2902250912281142,-0.13289529697956418,-0.07136593925441714,-0.06270451878954819,0.10396006135689603,0.0787474353180733,-0.058361076541517634,0.03528549812331234,0.06867512622058526,0.040549024354510285,-0.033897317037917325,-0.04664579792583223,0.1435786244558817,A
-0.18254576530711408,-0.057450168060012505,1.4261524565357877,0.08737792366344846,0.11229197719352951,-0.14845794551540634,-0.15496148365717005,-0.41999764450180216,-0.069950711296496,-0.3069288872772187,1.3704825992413256,-0.14562779691188463,-0.03566707174782766,-0.461692368216046,0.4602447781459753,0.2093889470576728,-0.36531402389158385,-0.06775492254028045,-0.07507003465103605,-0.11567798196286518,0.0024848964879165443,-0.04086868839491249,-0.040425710814478294,0.06589584596542053,-0.35195807285383174,0.09092069277394507,-0.4520320251816722,0.2197370175082919,-0.20960226368400692,-0.14746238228489994,-0.09221404533647005,-0.005931138148771031,-0.008272643929260817,-0.3218349090682785,-0.25475934143698337,-0.2932967108811994,0.16836477024153332,0.07416236860455763,0.09754117293922288,0.09146681175985293,A
0.13521969509477724,-0.026165752264099056,0.8063238753332069,0.026210572378009694,-0.32840986229508723,-0.2716229228399109,-0.2387974402053185,-0.043523150200857355,-0.2662342255917593,-0.2671073792802938,0.22437661891076355,-0.6562394063023889,-0.0012209338387004637,-1.0203597465701648,0.07518826858488133,-0.39635453574633633,0.019326336328787094,0.657415843728974,-0.0761521226684279,-0.05923371897681391,0.9233884517934204,-0.36834348670142614,0.37270202387251233,-0.4104647004061559,0.428293511052518,-0.03329031339311472,0.1896307599867282,-0.08772494884903734,-0.4771473234684298,-0.24354989025418938,-0.005398023419989156,-0.04632015663522113,-0.078303949683434,-0.11710598440301848,0.1674019251725356,0.04846962714155954,0.018182899371197072,0.06091877468904851,-0.053197166604040086,-0.00892692622862859,A
-0.5348966859277833,0.33124315631440315,2.3498160466597735,-0.00924190178027523,-0.7510805260351497,-0.435681614849424,-0.5164240526617674,0.1294454118091837,0.20101397036303661,-0.07638154923603774,-0.3660064308584495,-0.2263984822269533,0.15375065751061395,-0.25771049396042967,-0.018773302816864637,-0.34842919491961033,0.9044064889832714,0.1704077689160828,0.28615951412009255,1.1869444854485804,0.33575470747991953,0.20987873961028228,0.5054371274524712,0.27202193769276284,-0.32267458874515254,-0.019887273635933705,0.042612896129340994,0.12185199090048016,0.25566358160763913,0.0014044981169913512,0.06389889472763496,-0.18453207462629292,0.09731538844106216,0.011617108714234325,-0.1481329326628514,-0.05482953520513642,0.010379221104018267,0.03399658386477278,0.008043957993774128,-0.0182645516346856,A
-0.4697160350552387,-0.015644792748038615,0.8469661393031092,-0.12040592216450811,1.0708908576213758,-0.334302400671869,-0.031294961169375746,0.27944954356913443,-0.24393512767228853,-0.9048990625907234,-0.5424760098095336,0.3505468492827204,2.0974015914687105,-0.02408062383326799,0.6333244237694772,0.05058910413935974,-0.07342548331331158,-0.6177096400091833,-0.17324865064060688,0.03597410376445734,0.2458294615119353,-0.08230189779916768,0.33951570892972627,-0.2151344967407247,-0.04530520236801128,0.42657236090008105,-0.17739663567021435,-0.32687511133634406,0.13216683693393783,0.1774223439874894,-0.07056811996004206,0.2229792069170388,-0.01758015797079711,0.03711095951057672,0.034871875028839684,0.04165665954675636,-0.010656588931531603,-0.08468106570537483,-0.013761684152939461,0.08135531643346744,A
0.14598967936654994,0.25024356359483013,1.0619356746160449,-0.02932286534960437,1.5785567293315141,-0.450491263565607,-0.2757596403741598,0.3469847699011312,0.15814608303282718,-0.5411160518421725,-0.7921428318404731,0.7801661550471055,1.4232707453836,0.4716137900203805,0.2612444194799037,0.06744487140182734,-0.4794122358589587,0.6363041501258625,0.19102929460378923,-0.0925592387925626,-0.1630773910628195,0.001071481428260905,-0.31052208142095133,0.17421609547989894,0.11585702453466706,-0.4430644370091536,0.24234700089364603,0.336233137667726,-0.1985325017143745,-0.2426794976623507,0.08379945475936881,-0.28450451785391845,-0.007802606732395467,-0.05195213975740149,-0.05198059632004365,-0.07608359158258185,-0.0007348996362827598,0.10835827573544814,0.015439783280421074,-0.12557949677219998,A
-0.30223089487746824,0.008890283994666716,0.7700236895530161,-0.10190405313332347,0.12196792450734546,-0.23180440042266529,-0.10945669220442461,0.19460525995652037,-0.275261212951157,-0.3799044674598025,0.20685363728421596,-0.3793998292919968,0.10478411585425135,-0.5649062891612675,-0.14020565788935513,-0.24033792103723145,1.0137462543703455,-0.764582393136968,-0.5046002510092064,-0.4945160979147776,-0.2574965023795338,-0.042352272301867444,-0.22442793822347024,-0.33194023208275175,0.3902558954273727,-0.15271198409430886,0.5702582137788543,-0.07187635211169627,0.13743281945769886,-0.0710908424648932,0.04399781977475052,-0.1262160203084092,-0.05413857735318965,0.010427624471333302,-0.22097208926764966,-0.15179130284891015,0.012125339818186857,0.024839761840584305,0.039073783186097555,-0.027613592471614143,A
-0.2506364061639873,-0.054296217769520365,1.4643144270850756,0.00441601367737271,0.06346321932870595,-0.6491516163158355,-0.5016472493350543,-0.25207061630514493,0.20756286711011768,-0.28786870589206376,0.5402024830585973,-0.22364350218348727,0.30609547556175337,-0.8734749615283006,0.5482481443648568,-0.1733768957111641,0.9410779255052701,-0.07902452125644811,-0.0819124570869537,-0.2981210202680922,-0.567383839060527,0.14837213643461628,-0.34575547054762457,0.3876120722734236,-0.20938682919136542,-0.14576805929853387,-0.20222280571538745,0.1404645676927842,-0.04621551239457525,0.06746929565677336,0.045191107645843,-0.04699112006497766,0.06786246530279796,0.034309504841786104,0.2329506959616669,0.16070034984034645,-0.05232877932871947,0.01592082547228969,-0.04943009405534113,-0.06363428741648453,A
1.8439040853284414,1.0118718077782864,2.476455669761036,-0.06490652969398283,4.786040684873895,0.9425045418888246,0.8492191988023362,-0.035300134298008636,0.09878592177431653,0.23521035708537705,-0.08113051981049202,-0.10252919990585226,-1.0915792630430916,-0.09532504758437679,-0.2071570249403654,0.036603387836869034,0.20059399261743058,-0.039451023725308246,0.008375841585951962,0.06604140104856837,0.0916307713703223,0.0378731161029899,0.19219147693549304,-0.006916723044012141,-0.04221265838179694,-0.01788622638902615,-0.044018606308482006,-0.09197981104194397,0.03448551358160323,0.0662344796828791,-0.0023779491763352336,0.04205873665703094,0.0010767863545210754,0.0008261950242057226,0.02750612106302769,0.024508918126371237,0.025520414035629824,0.0053334603645079914,0.01260369960448185,0.023322259987548555,A
-0.557253039130559,1.3736320968120654,7.954811086043579,0.4161186533418979,-1.9495559811413625,0.7466219763269337,0.3739410408943303,0.07862994724294443,-0.020505663534118063,0.39771238418012156,-0.8141426451429026,-0.04679985092529944,-0.27696125857422926,0.37503458333174816,-0.1765515339437117,0.07857614796922949,-0.4636756697207219,-0.06901155732493858,-0.011462892129738167,-0.2900360552218093,-0.15947822413914126,-0.06638058290979418,-0.08540513258099258,-0.05131318425710825,0.05715245767882482,-0.015895526331884513,-0.006186893252640768,-0.10563848947756005,0.004167087925661783,0.0351651588571219,-0.02347268740133207,0.07003118097969219,-0.03299429011367937,0.024276880069932782,0.023760852490149753,0.003964457320126097,-0.018524505039808903,-0.024737973404995395,0.007417732167685875,-0.002418133871292305,A
-0.49662848722099906,0.024768802629469764,1.7189157136782502,0.30591824600493267,0.011134905102420226,-0.4490764215069164,-0.6722992792525395,-0.1740114602432645,0.47812432766560886,-0.15431796565339778,2.6444258515556993,1.106068954354707,0.06418891791358614,0.7026752919336374,-0.0455440410487354,0.3284550375485286,-0.21153106188824194,-0.06959371067806291,0.14962034956969045,0.10232913620139134,0.20425292180496327,0.09954825854142058,0.14686892917890662,-0.09567183336529703,0.20607759226371813,-0.12170294019084607,0.2558084441452581,-0.13862739416124184,0.176774248121459,0.0876686776668379,0.0645507919050136,-0.03377014695321781,0.045207255413285484,0.14913902920806443,0.13060260405912416,0.16426497717817923,-0.0752540541340308,-0.01972245845633941,-0.0796521832182927,-0.021793686071323017,A
-0.4856472525210678,-0.19140069960843523,-0.3089611047917612,-0.07836898362446673,0.015411405671890406,-0.32025300039891214,-0.08631118241896057,0.14685840603207562,-0.41561382805335356,-0.3491166383548253,-0.016925459537402477,-0.7213499238621562,-0.37857480672773053,1.1032047350558598,0.6233490350696269,-0.4537931488354953,0.01704661423567295,-0.13344589632091636,-0.23816364947533852,-0.20702437928443707,0.42415241659203373,-0.1164942200679524,-0.060301703769792,0.4959619721199447,0.15653494008024232,-0.01791507840393408,-0.041318288459500196,-0.005196002970066713,-0.05607777618188125,0.10137162172921937,-0.4064055639770218,-0.2502110560216039,0.19053280174737683,0.1965827834378778,-0.023953331454787043,0.13003316472613208,-0.20648194703931844,0.1655201464534758,0.36406334040692373,0.09742561133539795,G
-0.50056358499812,-0.19876417372565253,-0.24646038972706705,-0.15695616821321315,0.08337696665276503,-0.6948275788536432,-0.46046378996218557,0.0956730728152575,-0.017040872126769205,-0.15844716315314886,-0.03408343944111093,-0.4009716229750133,-0.31128731191572506,1.069850225821403,0.6284371751817914,-0.5267828121254947,0.4461186986503049,0.4472404201434921,0.672768831921313,-0.22899364369918257,-0.3796369660760832,0.2310997896521985,0.21433367227911249,-0.3151132722440657,-0.14932896040547397,-0.08224389042865685,0.24653912799787636,-0.17629396591982363,-0.2739946430583742,-0.03446603418358216,-0.15061895633816852,0.6201652779881872,0.17621736944245858,-0.08708456907395615,-0.1513740928134052,-0.07226408595971563,0.016871770270484546,-0.044473391559729535,-0.07209495855474607,-0.01760400613818497,Q
-0.4713603379037471,-0.1752157394941001,-0.27964714383600314,-0.15848037340416188,0.014397770481067843,-0.2900735016878911,-0.03962314548104356,0.09807810615597361,-0.2888324922751697,-0.24732217743970422,0.008899074075159177,-0.3101658313387847,-0.09614995213435329,0.23671758805505155,-0.17985067823437498,-0.1853758913834259,-0.06153300306769561,-0.003526698823843148,0.4988367755243863,-0.17520713232862134,-0.3006435549933406,-0.02111924013874336,0.20884977810713945,-0.7315646273179224,-0.2204329415048824,0.2019149972613619,-0.194959963604218,0.18040864866214487,0.2523419100129277,-0.20608931806901437,0.5499517163007355,-0.15634753722758865,-0.16167330635762384,-0.022191726122101137,0.09577347590124896,0.1199221633519664,-0.19156124853689058,0.18895869057260328,0.3557655455558273,0.024614140559575618,Q
-0.5326095799359698,-0.2519257052992503,-0.42660518792213,-0.3519099523979995,-0.12746136131591113,0.4509132874273558,-0.0931336641714197,0.09268088193016796,-0.025539416203490956,-0.3375524783130873,-0.09009601597032468,-0.2966564792384843,-0.31363789691290983,0.7926004635847418,0.5594840058806015,-0.4033182960712806,0.21764936747228936,0.14086284105126978,0.2862729283576811,-0.423506967860188,0.00022820591597003115,-0.04339175480213288,0.2354119342655793,-0.29168409685292573,0.14116622943007728,0.15458112353952647,-0.37215325067192023,0.15620549309124476,0.19622815937213478,0.23805845498233552,-0.046396843232129725,-0.604213695478129,-0.08137959116724619,0.037141779636428646,0.06262885400511209,-0.07781751049260949,0.2400872493015817,-0.1544381675138824,-0.35486938782126454,-0.03116524102330799,Q
-0.4783811099465314,-0.18301272107253563,-0.29401389276433054,-0.11526228333928377,0.01609632927939178,-0.3127049341207151,-0.054742919646652406,0.12494078486403015,-0.3746715216270648,-0.30495303575081484,-3.062480495259062e-05,-0.550983250583422,-0.24447612207040761,0.6912195824298922,0.22661543554162508,-0.31741365497992907,-0.09964343766787284,-0.1918376850601311,-0.18083484753159793,-0.1257109736935194,0.4285808509397018,-0.20514327782931768,-0.1299347405249811,0.7796542838582137,0.21912354747051285,-0.032511694757367225,-0.014713786727143352,-0.024844979764282474,0.20454960486646243,-0.050567444306704776,0.7607468982746973,0.3290523813585807,-0.18259423832598543,-0.16246966333255855,0.015874956853034486,-0.06926568510821272,0.10822005317477398,-0.04357348635065205,-0.09811758271031792,-0.02865004272082189,Q
-0.19307505954605575,-0.24233184979098982,-0.229602819494832,-0.05795839982106182,0.06315843486957956,-0.2806507528613806,-0.006422795793028964,-0.22946748060983704,-0.22217908595521596,-0.18539070435012514,0.1382595753346298,-0.41038845724036355,-0.059830552466888315,-0.4540579947119129,0.038149697040460825,-0.051865669268059605,-0.296718244028394,0.07500375227708303,0.1626214032879646,-0.1208110065697498,-0.09086118234022622,-0.21960190146889252,0.1130704799540786,0.1764494807248067,-0.21034750982593925,-0.1433825008468334,-0.13185317685760478,-0.26016091976622635,0.0002622647348077267,-0.08187273498922104,-0.02261955359789741,-0.01828209406469961,0.03976628641244008,0.1254653718231014,0.044505267174911364,0.02865693630925241,-0.16773517019333667,-0.007297227810749055,-0.040885983354032915,-0.12737326561301365,Q
-0.5179227506389683,-0.2225557100003001,-0.1887433512236819,-0.27789271326344656,0.21827763296551556,-1.4120276675676313,-1.2385739517616747,-0.13213324595543913,1.0876274145385283,0.8785087964731036,-0.4112153321314944,0.3534722623135713,-0.22546508802183765,0.1316203449951501,0.06040430992408757,0.08740746732480967,0.1068756922369487,0.128578584067032,-0.11165830736937732,0.15683321572966133,-0.23201943740399145,-0.060950272558326524,0.004262732804605124,0.03418004808192976,0.09069170916408674,-0.0438245466547576,0.05619849569059132,-0.14310693634339502,-0.005431442665619998,-0.0026307901520938454,-0.008724084463502861,-0.030049805927913398,-0.2081569936178871,-0.02486525568987845,0.06416030423896601,-0.015522068681010498,0.05842475209752099,-0.03174273068056163,0.06322491260188443,0.0028129729468157755,G
-0.2313220561747405,-0.2864001824777493,-0.20779880652036958,-0.16301245590722344,0.20243765236014893,-1.0954927250162243,-0.8806291936718292,-0.4041351225792515,0.7845680373976577,0.7092555390754588,-0.2695229078489413,-0.05784385554606307,-0.27037624261055027,-0.42318277770943835,0.20496438334206193,0.035742501672735016,-0.30581381317972767,0.015144314610486653,-0.11212991401901007,-0.21837967628289334,-0.10615209459613119,-0.36132905933031034,0.21623537062160392,0.10046524858115471,-0.06663359761799476,-0.07198760744038984,-0.28399240276913945,-0.3309691748971573,0.027608923220716064,0.00401996849911801,-0.03494504921043584,-0.08732998346779872,-0.03397153482589241,0.03330406831855622,-0.04891922805659246,-0.04701690904209242,-0.09400698539840861,-0.018031793988994394,-0.0003322985227812818,-0.1627205827376341,G
-0.24174306215704155,-0.29751472928355976,-0.27628775831220886,-0.2325847119921647,0.03250941434387562,-1.0581343525485218,-0.9610132122748523,-0.34563487576077667,0.8845505256276991,0.6869989390957305,-0.591526789166334,0.2886497368847343,-0.28457232227459367,0.05587850947594796,-0.11848683658545289,0.34286942425442624,-0.0988232100013682,-0.5115859125395616,0.004580305776275925,-0.398949678846118,0.5610876455213403,0.33070161586613667,-0.0638961220850631,-0.12156149342305621,-0.307532990833294,0.09461799787040549,0.10031906273724757,-0.013507105772486087,-0.06533646916300201,-0.10881293200914406,0.12255842812334616,-0.08827444997588414,0.16311657843259683,0.08648929000642423,-0.19970040489884366,0.06546292897049649,0.0936840168203657,0.09381802521977575,-0.08272479893658444,0.2225178026030316,G
-0.5018338732683916,-0.21242933006566522,-0.2451382486498516,-0.2492156229565273,0.15413435970738543,-1.0757898209455086,-0.8886784786387393,-0.09308737410119919,0.7496150936819388,0.7055400798956236,-0.39090909074268443,0.14718018496442586,-0.23433378343541594,0.036086431461847944,-0.11605827836671564,0.08326642569118674,-0.15974078078414392,-0.1696947611925848,-0.23028874776596348,-0.010431329392610322,-0.048964090617364106,-0.20390631713197613,0.05661970969336576,-0.09148387090208486,0.09338556338354255,0.07770778141198405,-0.1135903337967227,-0.06451748398296542,0.04746935933672046,-0.0018824174604641364,-0.04371666522844976,-0.029523681706115024,-0.05599458484255619,-0.0295726245904185,-0.10246248827578608,-0.050814946391249796,0.020841876332653025,-0.04553371072523835,0.01128660148801236,-0.011448661044642164,G
