Component1,Component2,Component3,Component4,Component5,Component6,Component7,Component8,Component9,Component10,Component11,Component12,Component13,Component14,Component15,Component16,Component17,Component18,Component19,Component20,Component21,Component22,Component23,Component24,Component25,Component26,Component27,Component28,Component29,Component30,Component31,Component32,Component33,Component34,Component35,Component36,Component37,Component38,Component39,Component40,Component41,Component42,Component43,Component44,Component45,Component46,Component47,Component48,Component49,Component50,_subclass_
0.38019454460648666,-0.101354438944956,-0.03107554096822969,-0.10118924401794571,-0.32437551067780973,-0.2687329975253689,0.13722718371458745,0.011493615866268715,0.12563203353243493,-0.28858211792568866,-0.2235675715268316,-0.07370027529678995,0.011747690824449849,0.19975074551654642,-0.05745360919764315,-0.15476187067715835,0.13232565853900075,-0.03746231203426828,-0.13720223659656802,-0.13437747822610424,-0.09573264890111023,0.09113915234031962,-0.015117079924410427,0.060120814880542356,-0.06040832131602526,0.06264797023848395,-0.04121214426660803,0.039607286772845286,-0.14395767098964357,-0.0174310017648881,0.09649716311647635,0.08508391766039199,-0.033480924327968294,-2.42861286636753e-17,-6.938893903907228e-18,0.035039144134345765,-0.014216357090896628,0.010014913329763196,0.0813457645520832,0.06130973016267105,0.0016754220802543962,-0.003369890310951625,0.03312868181107968,0.013345331366289957,0.04679686820953336,-0.012815089401388946,-0.07296826796284372,-0.02787815683603944,0.027737533932132512,0.03667654550481497,T
0.34350320973620846,-0.0792389386973921,-0.005867444802414296,-0.043799643268315466,-0.1770359266096026,-0.19010498744496873,0.08874390518473704,0.008649632921224979,0.12565113998669114,-0.20014693462737893,-0.1287974459886137,0.03702250437963606,0.03671282884084441,0.1402883442288645,-0.16383269707141346,-0.059062754908405894,0.007475549065470696,-0.05558356719082902,-0.07564445428104158,0.018478386790628916,-0.07226104640175886,0.0003604337064104443,-0.05346677012041824,0.00038794130885788994,0.05410177674430744,0.02894902835017022,-0.02777077605018105,0.009259907387734943,0.016147658921584013,0.036145705169808744,-0.07032102252958423,-0.04677022264496124,0.11838062868358101,-6.591949208711867e-17,-1.5942108744226857e-15,-0.06373890539286976,-0.016793826053058954,0.0015864880012795932,0.015247413548616686,0.003991393462004816,0.012551447289281682,0.002003189447001984,-0.018854675243849192,0.02683979855081168,-0.02578832058243509,0.001817677481324287,-0.04210758209071777,0.008049576777428588,-0.0067885322662243845,0.054794942341044775,T
0.05784419019502586,-0.01999558035339232,-0.006500080795838897,-0.015175262307466457,-0.15239984654697497,0.07235933936152669,0.12630714959422176,0.026489467497885215,-0.09047533092073368,0.04231450406514746,-0.08952807391127296,0.021051724751890592,-0.0349104561605067,-0.05083141184396594,-0.03764782428145086,-0.12043682276096243,-0.14133077482888107,0.25777438364580624,-0.02583131044694589,0.13656731911365613,0.10404983361040653,-0.20417860005542576,-0.07874303910494859,0.21567211436612077,0.011963936414618159,-0.014409261522437005,-0.04495624714553513,0.16106097863020694,0.041187079983200064,0.09063894630658878,-0.0940850673897722,0.016548957300418124,-0.03374262077276565,7.095019016745141e-16,5.221517662690189e-16,0.12009354997395345,0.03208870018166758,-0.0305498977916847,0.000525815693976861,-0.09819899204460436,0.03671467712969366,0.014057266370087732,0.041366821890104884,0.012634116160739414,0.0686893037805304,-0.06037249570158987,-0.030898489148948743,-0.03324777753686537,0.003745091804995994,-0.11423365854798712,T
0.5377656172218979,-0.11632963023893658,-0.017451521771369223,-0.05349530487675927,-0.3148235199132016,-0.2705059754865065,0.09438502190981592,0.010908932599491198,0.08768239402910409,-0.25727176472383084,-0.18574824163883275,-0.0067018801795547325,0.007153128166108186,0.15402642235242325,-0.12753641008698738,-0.07905867469118366,0.09510372120908528,-0.0897842564567861,-0.09241001299939534,-0.08668773985649156,-0.0665683295510145,0.10719010749386859,-0.049544279124161844,0.0042566872060983765,-0.024478015195081408,0.08811641327611618,-0.02420450530646384,0.01589988609331147,-0.04849267206577643,-0.014364526361803617,0.04777957139922325,0.06448204549185003,-0.021987213638651866,1.7737547541862853e-16,-1.682681771697503e-16,-0.006049723779168199,-0.0027008131324513986,-0.00962785150133295,0.12292879059205339,-0.00445329773289806,0.03628833656401548,-0.003449008158734129,-0.005674433373626046,0.04580898112046648,-0.014945231800380574,0.045165380094135135,-0.042433993923480046,-0.04388807056018655,-0.05880075491027972,0.018678048150628443,T
0.17871119675666175,-0.0626877878709863,-0.027237806913265068,-0.010165195460474653,-0.042217912625255254,0.05797190162630646,-0.17653516521204377,-0.09432970907847338,0.013431705886457491,0.3443169820745134,-0.05824309244282172,0.018958024532494795,0.007806131062903516,0.17373258745399048,-0.011887868363804805,0.1359333227778885,-0.18206590561939442,-0.05822693211323217,0.3104784936684778,-0.03774473038797477,-0.20926453058382696,0.07707718948860484,0.1508676526056319,0.01763963790226371,-0.06565608091044088,0.3903002431287269,-0.14229454641104797,0.20112379628722563,-0.12846011743337857,0.07784453371031246,0.06344958819335836,-0.09215123330856966,-0.02566015629048139,-2.7391283685673784e-15,6.990935608186533e-16,-0.020282471614406855,-0.25504754842852806,-0.09952490451467293,-0.07387176546385794,-0.040910481887494785,0.04899792084387634,-0.10747016589937947,0.06685887333361648,-0.07469721801447779,0.011188303636437809,-0.023282067447309623,-0.019896741394796993,0.06315200980405364,0.014485659139924004,0.007694386705990359,T
0.3900490891255932,-0.0952513201685293,0.016435614853809923,0.10492585888574447,-0.1313131186627508,0.09160038690695727,-0.12723628993841568,0.17686320305398306,0.09987533064290358,0.01341213021796911,-0.08340928560219046,-0.20157578113857183,0.042690253328992865,-0.1629026377856765,0.3573938227961383,0.10989235831401434,0.08240863002570802,0.08931872334538378,-0.053097600579126464,0.003905239879288702,0.11476387017899692,-0.11185886360430061,0.09277404442168893,0.04036340786428068,-0.13062382931319852,-0.08209505424698789,-0.04241308754835525,-0.0009406406620593895,-0.08352087343470549,-0.10346459545939782,0.07333195179408838,-0.08386630568180516,0.06481816412469325,-1.0260889360402814e-15,-6.730727086790012e-16,-0.04810282568368171,-0.07093781060452553,-0.04872381881201802,-0.23619015072117422,-0.0596613220040327,-0.13147042543713736,0.049433338814637726,0.03652466830940969,-0.09602751329419884,0.029304601429303533,0.06523617493298357,0.09605834579601097,0.05938061932354563,0.03645767146125185,-0.10940343544721914,T
0.35870080663950643,-0.10757693190919856,0.03655699796457831,0.055471700220616704,-0.1406746899011129,-0.021776264065882664,-0.09038616205374468,0.20260171171919794,0.19678730192464325,-0.07215977518828832,-0.06869317121066192,-0.1339904100011818,-0.07135708479466742,-0.1463925656819865,0.5228949236452806,0.14485652455404507,0.09382337252091155,-0.07304893081477627,-0.1921324148509008,-0.06147358817070285,0.06156194549375295,0.02533641531743217,0.01738829231900791,-0.07462185419760427,0.03251052198388746,0.05943997928362677,-0.031380773929411715,0.027832392627515058,0.04670448785530121,0.005320562402954344,-0.038143679564864946,0.019910294183762372,0.025921627030454367,6.466181756703548e-16,-6.123573870198129e-16,-0.05222335817309643,-0.036990959543542916,-0.08289103271269735,-0.033258478552835556,-0.16979136749806406,0.03371319736619067,0.017235738667257177,-0.05897802803369331,-0.009482111219054061,-0.09043614921118522,0.0012244176526603552,-0.043425193866953087,0.03720238632630571,-0.05701933927093457,0.06833639337595743,T
0.17129969954435306,-0.05543887002461971,0.022452683407362797,0.03413153774508831,0.0070439422462597375,0.04496051431771217,-0.08896598461278232,0.14889487325389195,0.010135764945615855,0.10741475607840424,0.10849655444236003,0.018449548873957593,-0.21740257184300973,-0.150208142308163,-0.314481019799013,0.00851514993457337,-0.0768709619260597,-0.05309236414871388,-0.004168250017346567,-0.27061121270082283,0.0736767914942894,-0.10717063588296848,0.25464239301172575,-0.1987075667322501,-0.03202060106891669,-0.20781194750715049,-0.31811703169420724,-0.06545184840533078,-0.1692248331644471,-0.12471284684228956,-0.1762525381122287,0.22592478728202725,0.12418802109164283,4.017185889493291e-15,-3.590877595271991e-15,0.11579779215870792,0.10502708497316722,-0.05339185843439371,-0.025774334832642062,-0.08052658195242404,0.23419546496818408,0.002572332358303106,0.14893449169242212,-0.12121492950955057,0.042726904067528104,-0.024905494387774188,0.0007211764607835784,0.026503198146029354,-0.08512335154373063,0.021440834995521164,T
-0.12441055718091623,-0.009365133018419881,0.10547583986491715,0.02281792032250989,-0.08032974033363968,0.13262525715893717,0.17533658430362406,0.10746757083305779,-0.010548542754151964,0.03763965255629427,0.036944511572843834,0.14457475640679376,-0.1789172011741318,0.030915314034825035,0.040917854027700595,-0.13632150740046234,-0.37824773100973885,0.40989560035208533,-0.30433561069850573,0.1736216519995455,-0.05462339387701875,0.006236780421604813,0.007487253350858703,-0.006877189264706032,-0.17384337452797088,0.32135171573551324,0.019241988090687848,-0.2055705981280044,0.06616314112892922,-0.08529621703421318,-0.02008870146177006,0.06149279913886413,0.019170428144332625,5.360295540768334e-16,-8.89913143176102e-16,0.06810889492712863,0.024560174861836318,-0.24917325468723434,0.09939343050492921,0.048368409933096816,-0.08969591390984663,0.05169595490335625,0.03886880254115489,0.011088719248362473,-0.007775454650119218,0.07053520822767738,-0.008846603299756894,-0.027045638299700997,-0.039174821656301574,0.05401471526340564,P
0.20271843006589968,0.34619366314011163,0.05850340976197476,0.07373078694580168,-0.02091807239323884,0.024103659086986806,-0.08693567831502179,0.03562933885503208,-0.04568313365211139,0.03131130393764788,-0.04969077910318384,0.09441344814530545,0.030344331120653108,-0.05034428451557649,-0.06826214306801857,0.008279304925219277,-0.10968290487018412,0.04604094657380616,0.03476177282597674,0.12507955024426118,0.19653881775260085,-0.25097596977655334,-0.16245056535954078,0.10162104237837281,-0.006045844781602647,-0.09034471380414767,-0.1708101342860524,0.391661331123509,0.1560868008005225,-0.07002589589553569,0.15329459841012633,0.2725169650765408,-0.2131241896646261,1.923374653989285e-15,1.2611439670351388e-15,-0.16083905112661462,-0.021149778947318572,0.02722830953845295,0.0956859019686416,-0.029376340527987668,-0.09660797310869224,-0.13475257827519616,0.10454701829418034,-0.018787817594385654,-0.15240515956371692,-0.1126150796575868,0.00538587008866531,-0.04235995201845884,-0.03657173847738182,0.0592400943994729,T
0.21609246807821347,-0.04378158159640446,0.028527187800212593,0.06615228356521968,-0.02431823748798654,0.07214017712489348,-0.09774024462255004,0.04949436196644135,-0.010155170164446939,0.020648891498598727,0.0060905994394089835,0.15303562768037599,0.025785549310422932,-0.06469993387080719,-0.10870314626347387,0.06948502303019079,-0.03386785631638908,0.01993933369786458,0.12157733702383874,0.12782582068956239,0.10147502232201402,0.027492335754237193,0.15009572540762184,-0.17180746740319328,-0.08816853141224149,-0.06096877430243613,0.6694707532020288,0.18220096255870113,-0.24387122140322523,0.06450702789317753,-0.009311665467138902,0.30150184507044214,0.15876911490472187,2.2972075630622868e-15,-3.8614944575243726e-15,0.03266944034773675,-0.06269848452803453,-0.02130902872059431,0.03782764574045132,-0.03974180446273795,-0.0715582568058513,0.0672114266697604,-0.020461622899664873,0.007274196645977735,0.015051925313046497,-0.003048621738221527,-0.02469654633052734,0.0011026805913972673,0.014849986551104503,0.04814073547237094,T
0.2946732532343391,-0.04548271794332413,0.030031324348195797,0.09543820041342971,-0.04681488368286929,0.09197444225543988,-0.10950820758066017,0.03159511735752244,-0.020404919728372696,0.041792534079655774,-0.0018267642692740699,0.10263194239084725,0.019488045435848072,-0.10723074314703962,-0.11969865990077456,0.0623568603116402,-0.06295738235905228,-0.02587473707155878,0.11816879334841181,0.0758626293672654,0.010184375593197115,0.044306045097155244,-0.07378670725546649,0.03386984053810487,-0.0037721025919931657,-0.060813525601272005,0.04746354217620304,-0.20670263544214867,-0.03524369800938763,-0.1082132082802511,0.12556582076201983,-0.1331700497784196,-0.19693432371019065,-0.5091587032626684,-0.4980394625014039,0.03764350865420351,0.07056804356723405,0.006995977185730671,-0.021618858583396055,-0.04798596818270939,0.04313631548165342,0.0307230514504091,-0.024552954337384414,0.010571645865869537,-0.014349771061251352,-0.040264433084224185,-0.09165431339628187,-0.004631763021771661,0.02391309635343869,0.04741230116497626,T
0.29467325323433935,-0.045482717943324175,0.030031324348196074,0.0954382004134299,-0.04681488368286942,0.09197444225544005,-0.10950820758066038,0.03159511735752243,-0.020404919728372477,0.04179253407965572,-0.0018267642692739935,0.1026319423908473,0.019488045435848228,-0.10723074314704006,-0.1196986599007746,0.062356860311640235,-0.06295738235905235,-0.025874737071559066,0.11816879334841149,0.0758626293672652,0.010184375593197629,0.04430604509715659,-0.0737867072554642,0.03386984053810628,-0.003772102591991757,-0.06081352560127198,0.04746354217620329,-0.2067026354421489,-0.03524369800938701,-0.108213208280249,0.1255658207620256,-0.13317004977842853,-0.1969343237101877,0.6858941782447,-0.1919246403327042,0.03764350865420361,0.07056804356722737,0.006995977185729318,-0.02161885858339421,-0.0479859681827072,0.04313631548165166,0.030723051450408066,-0.024552954337383713,0.010571645865870092,-0.01434977106125104,-0.04026443308422413,-0.09165431339628193,-0.004631763021770112,0.02391309635343898,0.047412301164975634,T
0.32780766617766466,-0.03436831828391003,0.02379200521047714,0.0835943095422902,-0.03690096040911228,0.10371385474501565,-0.12849817241251385,0.016281542448474372,-0.08855693645375794,0.0674682519606612,0.23707143907966047,0.06284965010331584,0.3615794259055187,-0.12502717581229655,-0.06369939632335979,-0.17929352038871652,-0.0411747268840491,-0.07946651689673044,-0.08033753524651177,-0.061348681439644344,0.03511374868378848,0.03948022938264261,-0.12286519594511752,-0.08387839519568148,-0.025684660075966485,0.11313930149762258,-0.014197808985505931,0.02183362539930612,-0.13374323304206293,0.026442903488331053,-0.12878063393694453,-0.0496324923697029,-0.10483133562102659,6.999609225566417e-16,9.298117831235686e-16,-0.04057173789699095,0.028982641363829456,-0.03564198784151774,0.0870467385848638,-0.08725982565189697,0.050987675424711346,-0.02015720223251581,-0.007752164908216876,-0.02338966770899789,-0.02451647361581138,0.25152723075188277,0.30169025628788976,-0.038412648908376076,0.1300539176665892,-0.14608796353611458,T
0.4476808294906546,-0.07523185349816293,0.06044813705084673,0.14037622906141772,0.22494891297009548,0.1748380619084763,-0.07794669139420374,-0.10852952768609732,-0.38046416194112076,-0.09491836167529431,0.045590513548958066,-0.062036135198153555,-0.07162457231349381,0.107006515030875,-0.01031518910773858,0.03176215489255937,0.07956285579661952,0.0027818632546000813,0.0029644479570222282,0.00821368239552522,-0.05396234244313884,-3.509062655968759e-05,-0.019395812467972617,-0.08259932090610395,-0.06364360909030146,0.021096133488974406,-0.014232140882210796,-0.023511908716977614,0.10669699816428842,-0.05942630172448414,0.015189259384752768,0.0024667798342761517,0.04729512162540965,-7.806255641895632e-18,-7.580741590018647e-16,0.0003263897369660696,-0.00475751893298916,-0.01212844438425288,0.015775231382864387,0.06906687738049615,-0.0628397871787417,0.050317087755290237,0.031027870284365017,0.016051305900252902,0.1020559041882752,-0.08155075382714715,0.09433111584248002,-0.10460117464112803,-0.08738437691381168,-0.1460569534050545,T
0.16663337815810547,0.23188623282741633,-0.008829296225448868,-0.0929949908970391,-0.09788568823072816,-0.19722485612016172,0.025026910461576485,-0.09828358669962797,-0.05556508935065001,-0.024501781933104313,0.010628216872958863,0.13093445510148494,0.028136724027952982,0.018373920631692124,-0.03578394276744399,0.041021557182542974,-0.03483766309266811,-0.06936181874617017,0.002026413771837085,0.07239845984029131,0.04589619618714663,-0.14932147385633543,0.029605505621577988,-0.1700372461370342,0.037284231558585415,-0.05997752483795329,-0.07228138406953154,-0.0028453323982836343,0.061423471912084644,-0.05932629326248789,0.17002384881444843,0.020227558604732417,0.02501264029956186,-1.2459651366203417e-15,-1.0390993621101074e-15,-0.126704227302868,-0.03945627876682955,-0.00486865433352019,-0.06901555804941173,0.20440173470089418,-0.021408023821125603,-0.02517244151851266,-0.11471449701214478,0.11132443739730621,-0.052906381611786166,0.16800778558308244,0.05238722629046139,0.27864915602378454,-0.015031630414359017,0.02066554656041323,T
0.3405809492761429,-0.10245364084642616,0.08658474550780018,0.11767056045318999,0.5194650059204426,0.15064637005794762,0.08211224202403035,-0.1841693130821894,-0.2800370322426482,-0.1329653687814037,-0.05474850036230255,-0.11125303857506341,-0.059641655738242635,0.08890422120761877,0.00853996255307628,0.026780757478171588,0.03208654414809012,0.0004723689816759566,-0.0031294240472017625,-0.0047374730395642,-0.047427820788353045,-0.001127469485181976,0.004802258832981229,-0.03938460851039745,-0.06523858439621105,0.01304081175994937,-0.021825202845009183,-0.00892139813569803,0.02630847383515094,-0.0184319456358523,0.023847568437976085,0.012027191572985952,0.027350568219478448,-7.936359902593892e-17,-3.2439329000766293e-16,-0.0003569535119619365,0.01801201719328812,0.006530604749823068,0.05498898852470279,0.13846374741059342,-0.03789143368997155,0.02277735951934355,0.020419390768077618,0.016976801711311808,0.0048451307982660535,0.003889297272397861,0.05083887294647266,0.028869188046754896,-0.13958190782150218,-0.20780063314086103,T
0.2642513256742825,-0.06358077185407483,0.03643773754271275,0.07175166100726313,-0.039940114563857446,0.060041698348202985,-0.10724428782793359,0.12344658682186997,0.029425850878049845,0.03531084325434365,0.005349386476451681,0.09014188837401561,-0.10392553454618839,-0.18559154997694421,0.21153216159438243,0.07537690961527983,-0.1317433751742827,-0.1571646558888443,-0.00768160724541693,-0.030358319886086522,-0.023286336644483076,0.09025897434812118,-0.08823564067538664,-0.17616518116424504,0.3282597113454234,0.06732379008846705,0.027130638714263293,-0.010815454509432419,0.2704399290560629,0.2559267972282888,-0.1304246204324779,0.12955997196295144,-0.15226946831320537,-1.3921155894713877e-16,1.8578888427711604e-15,0.31642194986137095,-0.0931179169555689,0.22700284214860142,0.06177813371994379,0.22723396278472505,0.015908938529123954,-0.03710605476650504,0.003427932119088711,-0.05175784802383944,0.09888765174805747,0.015561801031355373,-0.014279005416406781,-0.019370505610279302,-0.016145241454106042,0.021467558508420716,T
0.29467325323433957,-0.04548271794332413,0.030031324348196085,0.09543820041342979,-0.04681488368286932,0.09197444225543999,-0.10950820758066034,0.03159511735752249,-0.020404919728372512,0.041792534079655885,-0.0018267642692740907,0.10263194239084762,0.019488045435848235,-0.10723074314703966,-0.11969865990077412,0.06235686031164015,-0.06295738235905249,-0.02587473707155861,0.11816879334841142,0.07586262936726539,0.010184375593197495,0.044306045097156625,-0.07378670725546607,0.03386984053810496,-0.0037721025919926245,-0.060813525601272206,0.047463542176202675,-0.2067026354421476,-0.03524369800938808,-0.10821320828025341,0.12556582076201864,-0.13317004977841573,-0.19693432371017427,-0.17673547498203518,0.6899641028341209,0.0376435086542009,0.07056804356723098,0.006995977185730339,-0.021618858583394573,-0.04798596818270807,0.04313631548165346,0.030723051450408947,-0.02455295433738382,0.01057164586586937,-0.014349771061250637,-0.04026443308422383,-0.09165431339628144,-0.00463176302177082,0.02391309635343916,0.04741230116497585,T
0.04031180670375777,-0.02639359204526702,0.07440156396064736,0.07605224411531358,-0.2491556454544308,0.39534991699327415,0.25635093108428725,0.02773482326323318,-0.012679238418799595,0.002997012458017147,-0.06980590811094534,-0.005299602767345774,0.138997354501725,-0.08220631835784065,0.10482065474492379,-0.23570558255944693,0.042485630217262926,0.1666955371815546,0.09006092162806588,-0.09542719171432508,-0.20487467394035846,-0.06254449366097638,0.14966195120421175,0.067827185574354,-0.02682440372994669,-0.10240700031742861,-0.08204783536645921,0.04008700376025767,-0.14470718379917383,0.00034678632056566426,0.08685234932755642,0.08054585754245663,-0.020744134711050938,4.0462425077159025e-16,4.475586568020162e-16,0.0803746696276562,0.06629676878531252,0.09875374020377817,-0.25098613491439314,0.2475386722067685,-0.1736374619101792,-0.007678013130489329,-0.13281800398321586,0.03537645991841863,0.09519216827184963,-0.1559811290704497,-0.051255923200331295,-0.017342556101810243,-0.007082433954297404,0.00031228465340747344,T
-0.3054700972455364,-0.13165876980761007,0.7503899395629812,0.13475146771461796,-0.16792484566764002,-0.051790399824306846,-0.07326313448878381,-0.14010619477511982,-0.019313777528137916,-0.013810702993514185,-0.04725610504918428,-0.09506544525557305,0.03966270946293191,-0.024787120953254485,-0.056156762523099285,0.05097123143792984,0.06830664915832209,-0.049694939286576006,0.010254224316181035,0.0023142404343385096,-0.0059139214663627895,-0.005299595120725134,-0.022613093175609403,-0.01682251139794856,0.025433945715895294,-0.01879402892360122,-0.0015074880119375312,0.04956067800059128,0.009465312147524146,0.013030861645317221,0.00040472257766521746,-0.04520835216219042,-0.0011816567814095025,-4.36282954208167e-16,2.8622937353617317e-16,0.045377657852251146,0.014252025134929722,-0.07838724731777398,0.028959221013125404,0.002358387977211964,-0.01730122800255357,0.01404456876506192,0.003604258469366055,0.0014560944307145398,0.014093448559562474,0.014468342756948617,0.0028907220217371295,0.007820088284933042,-0.03588257458730615,-0.01975838080465419,G
-0.3322571445141844,-0.1434587648792029,0.7537200173088452,0.12470450486897956,-0.14777480040740992,-0.06386307423970444,-0.07536285355353953,-0.12677306944875436,-0.029033252056357095,-0.014604931651943927,-0.051983232993943404,-0.07302886376510936,0.04577449308502291,-0.008096578126476899,-0.04220400279808031,0.0499070802786569,0.06268451553698451,-0.06232365413398807,0.01740625558499995,-0.01575620678019486,0.016436865866273794,-0.011104621799975789,-0.007922716007659729,-0.01911655771887964,0.03563515374085843,-0.04075323230857647,-0.0099236678655623,0.063879853285707,0.006388887623384382,0.009669096368773212,-7.67819629761933e-06,-0.0519803105034048,-0.003365878265870232,-5.100087019371813e-16,3.625572064791527e-16,0.042575461586371904,0.009124337763337428,-0.10320569285517166,0.032259130978044545,0.021850963270233576,-0.02378608129350984,0.020689674126184523,-0.013991760046878403,0.0023820940777535844,0.01820283684028645,0.02224617764816745,-0.013587863982123489,0.0016279518307915908,-0.04166557471896175,-0.0035243291432851594,G
-0.32442927828499396,-0.13978766601299447,0.7272910124408035,0.11700437965016128,-0.14026591538560992,-0.06808352091946054,-0.07153846860807897,-0.12072511208788299,-0.02641447384067264,-0.01617207380301519,-0.044978856515924356,-0.06474089194332451,0.04298911969247983,-0.0021658262911877814,-0.04254762575054793,0.053086019756675595,0.06401290573856018,-0.06479441031225082,0.028804759138118207,-0.02320111489368591,0.02685476127255412,-0.004485856755822583,-0.006098053571821585,-0.020208000469746447,0.03213496604960597,-0.05243749622952934,-0.003971940279769546,0.06525062757844367,0.017677800563209774,0.02421307453695106,-0.012376352506903178,-0.060667780468916764,-0.014332312395257674,-6.882515390937982e-16,7.4593109467002705e-16,0.06596970686074896,0.029749206297799542,-0.1583902712539832,0.024684828537671746,0.032869414502211286,-0.03782598889107889,0.006584864785610723,0.009827842922448694,0.0013492116256570807,-0.026161315971718217,0.005702102967121124,-0.001748805172612642,-0.01367787889241056,0.050141171978226054,0.027299940256140496,G
-0.2554533517304801,-0.10322541476120148,0.511296108975593,0.07735027708592111,-0.08751860143385187,-0.02781409992163854,-0.026243514890179183,-0.05016995001252579,-0.01672645693062435,-0.00016764399651583196,-0.01049823998247867,0.02526203468390903,-0.0225800524007132,0.013556229350739132,0.018763503551884313,-0.032429281892556644,-0.0933226598532064,0.11052415107532268,-0.08945496104698566,0.049606438779227685,-0.016395264328417255,0.0025441740678098946,0.02919781191982637,0.018904882191176357,-0.10752110436069591,0.18741373989824006,0.007076538897965542,-0.2239404896900957,0.0018301723996160379,-0.10554401181904538,0.004545759163340874,0.21148377228000986,0.0409698026595824,2.690556111240028e-15,-2.2273849431542203e-15,-0.23331488227030064,-0.1369628733822419,0.5481947104148939,-0.07000260713740544,-0.1131324760599516,0.17129959240922746,-0.0551780695406483,-0.026878861197754907,-0.010017196538729265,-0.021742025577785602,-0.011022914928019538,0.01708224002798661,0.01931185249709243,0.027591082202477246,-0.05349007145559542,G
-0.113879195651486,-0.030043804880216057,0.06172248228359368,0.005954602584110225,0.028102376005523295,-0.0010447368949822768,0.030476081714777326,0.1398362665965987,0.04792369675462434,0.04019649666330915,0.168989693742987,0.1292787698541731,-0.27521109277129474,0.06474418925505414,0.11694548450713586,-0.04732576898125587,-0.38024842498819256,0.043637544519213256,-0.19333874400627118,-0.16644914325469093,-0.17859802503051309,0.3060981465231521,-0.14531998734506218,-0.16276256992221041,-0.13717715018631793,-0.36755687756967,0.0012336216849224337,0.27002709509885275,-0.0662936669887943,-0.020381912922861636,0.14156487375577834,-0.26784958330014874,0.08150066100710558,-2.7183116868556567e-15,-9.8879238130678e-17,0.001370160343301789,0.0037549819619895645,0.15147800769865838,0.10921156256529084,-0.09258648707176942,-0.08250391219160472,-0.07470334643676654,-0.005914253448034626,0.044611712181586965,0.001171221656297388,-0.036041122559642466,-0.003361810475582469,0.048831385162047616,0.011564894880511,-0.05958877242155201,G
0.10438842937556922,-0.10681102315933946,-0.11317304416432758,0.018833588891924567,0.03929292312071078,0.021556604103085464,-0.23211450755014634,-0.18152242022113774,0.07163951933122226,0.5623869404064258,-0.324881695901037,0.09982778858164394,0.06819969725822704,0.16422660951916976,-0.027480624478910656,0.003137442361123937,0.07348804044439473,0.04268098885113703,-0.07424488984634164,-0.10641581049328355,-0.055546011149425034,0.08842965846946389,0.05042214202158815,-0.03894735316101339,-0.002666371532854917,-0.005914313035515706,-0.027967075358025905,-0.0031007468789453034,0.07715798427418655,0.01982955376639002,-0.039771801113421816,0.0335210070912694,-0.037238301994664845,6.44883452194378e-16,1.0234868508263162e-16,-0.07496059033777275,0.059156447374012495,0.009059867374918476,0.007044157178362959,-0.06059385086058622,-0.1194444905983418,0.0009446008807996852,-0.07570740698357617,0.09467859896632536,0.02979402092079288,0.04325988699266364,0.056476014565825856,-0.20964391562459045,-0.024345789203914347,0.07875130295231157,T
0.38110995168896633,-0.05748070149378471,0.029324274495339524,0.10478342614296536,-0.0964041964569235,0.08530819211343228,-0.09872923007968834,0.0341337610260365,-0.011058404569781244,0.005955342423016529,-0.059588518356662845,0.11500512312934694,0.031911286042607886,-0.08217575578218834,-0.21226719229828817,0.01630196081237347,-0.09599903516661203,0.025548730793880883,0.06526218251708259,0.16031113585271117,-0.013806768299519536,-0.083110029514476,-0.19360540184105807,0.16306948484381678,0.07188508096186294,-0.015043403032750115,-0.04873208895438158,0.0473172182343509,0.0739565123998428,0.1422337957592885,-0.3283676962448011,-0.25125056793535017,0.4680775814221683,3.430415673744136e-16,-5.766220834146907e-15,-0.1432886397376269,0.08215557006890245,0.09603465574658743,-0.10496404435251219,0.0684324323050806,-0.03019753887712766,0.01617346164129252,-0.037966116916379765,-0.038581771793459715,-0.04905935780711214,-0.016716470834471444,-0.05337716363746624,0.006537457684904465,0.04266412748960563,0.08300526835181651,T
0.2810346806602567,-0.08496349586059092,0.06864932576377933,0.09083342149687078,0.3762686055788118,0.10983018371242853,0.044985691024212654,-0.15666675827828433,-0.36637007176134684,-0.12811845573126127,0.020710819855539464,-0.07990081093683843,-0.14011088600648036,0.1563682122243439,0.04949231995841749,0.010277847728020062,0.06889659223472129,0.046050594632648385,-0.0004132136277255169,-0.022115862997843655,-0.007848673435558283,0.005141902613864054,0.0651257588877321,0.040403011747856765,0.014012471958727856,-0.02423424266065352,0.006352380976788852,-0.011605008877718535,0.02326457268727026,0.03853530450486165,-0.01226526753537261,-0.000992647807750921,-0.013060911824079908,8.673617379884035e-18,3.920475055707584e-16,0.03243074076783497,0.0014412910610574082,0.012607486883469235,-0.009105313096233168,-0.05823800270694629,-0.013856093504035466,-0.031794503999767104,-0.031527402621340815,-0.030186485462046515,-0.06278252828430027,0.03100021793737767,-0.001566191921032863,0.01389946664281972,0.02836403339511098,0.03866847046788162,T
0.058334223603113314,-0.0722697839600984,0.06841024281187352,0.03600583599498756,0.421928075440497,0.05740874697620523,0.09342314906200555,-0.12978423260407732,-0.3734343485364143,-0.14221680721392108,0.053047616409349546,-0.07331005489549641,-0.19344415350932642,0.23790696231288774,0.12759476626020003,-0.02698581485514396,0.0812062397212057,0.06126080900071594,-0.00688839677413451,-0.04862376096442854,-0.004320868059279158,0.033772356755551604,0.10202941510752432,0.07686960028121297,0.11451997388967415,-0.04134070056475703,0.026622364231010012,-0.007347750609065064,-0.012308590770294817,0.045641083741080786,-0.0345197239853277,0.026626950173583436,-0.029480341385331704,4.930951480464074e-16,3.2612801348363973e-16,-0.026292386899593855,0.028895462624047755,-0.009688396754470266,-0.06802508751831908,-0.12359015245452161,0.013988247314877886,-0.08533553171818199,-0.01271525991521475,-0.051967292868640595,-0.16240559084309494,0.04944555585065899,-0.0871103176690693,0.042964688785743485,0.1884705601117587,0.2760658487413957,T
0.04700903129894544,-0.047940929790088356,0.012370182516130951,-0.0559712375180214,-0.012090443917606698,-0.09773505383572335,0.07207421348747405,0.03504059403981383,0.04379837833258153,0.013619224874792257,0.040348658644193174,0.1306291173023884,-0.11287116980275581,-0.029835834506202898,-0.028735832835287207,-0.025755825645504646,-0.16767017600254636,0.06407383382891751,-0.12086034714382649,0.0195899030086421,0.02219874376564308,-0.11555777451759557,0.1470147165364325,-0.14384425172825666,0.09553916899523124,0.003196933259522826,-0.038602138943745236,-0.0934501116382453,0.09453788685762922,0.030717650035315194,-0.07191629962070539,0.0029350953741209794,-0.04868901411247494,-8.422082475867398e-16,1.1796119636642288e-15,0.022804808073811512,-0.07170856198278627,-0.15916626055324423,-0.028896170385211743,0.08732725420225447,-0.03706090995786806,-0.024251420590123696,0.011505391907362666,0.04543873282570107,-0.038592927735374094,0.04115690072829379,0.008003522849677674,0.14728914134621546,0.10717875906214006,0.04834726258041302,T
0.09205345667540472,-0.049814999917787636,0.027646487309991252,0.0318024540918148,0.08118613049881135,0.03736768509332293,-0.0480875375991094,0.027148249255950954,0.10851803012444157,0.15506936411059996,0.0967528836716472,0.18928232888374588,0.09093449959400926,-0.02892563806284477,-0.05853292196981982,-0.16278400966451487,0.10781268983406697,-0.0075187848390054594,-0.021698623609122173,-0.14296902631902625,0.1725846526213891,0.23256073924216694,0.2117585562416901,0.3065137069596914,0.07618267405182264,-0.020644467609284588,0.06789980688863152,-0.012604811908949637,0.43122291246654454,-0.012907445570233322,0.36330164041173885,0.03489339813167096,0.27423660834203595,-2.6879540260260626e-15,-3.247402347028583e-15,-0.002422449492643997,-0.03504247220387195,-0.08263473267754498,0.03706623812407245,-0.03390665258734431,0.13020044007350334,0.06020776943523823,0.06458419691427054,-0.02300590557601613,0.12291586437489548,-0.007043245083250125,0.009140225976318892,0.05540181597658449,0.038452676249346736,-0.056105531853006915,T
-0.2503217728803039,-0.07668924753268568,-0.31355783313972735,0.41125926568554344,-0.037102299058848986,-0.1127702265191401,-0.0916462209456033,-0.09883018085546055,-0.04969701503455522,0.12624545524349062,-0.14076212783641462,0.00459290198002949,0.056601656704786715,0.0008250814030044485,-0.054442627781300386,0.14744148814260966,0.05441804894350651,-0.08283786087043789,-0.28292108357130963,-0.007987488245731627,-0.22033913914730122,-0.08175381924366013,0.06292433615232094,0.0797972035109183,0.04064440959408542,-0.02611742998433212,0.09135336295306763,-0.01528510691231276,0.04225229017817129,0.02989863404804656,-0.01206537433384158,0.056741187937930634,-0.05223407353979687,1.6115581091824538e-15,7.580741590018647e-16,-0.05773125893881193,0.272636641724208,0.045715895475546185,0.06493118351859983,-0.03306884983617092,-0.06729458684057793,0.0015016629548333434,0.0887195067656476,-0.10725631059365387,-0.09633796693482873,-0.007218672075365956,0.025807317095437567,-0.059064774198420655,-0.04327118928917065,-0.07835119627120253,I
-0.1694406045802775,-0.0147480286701595,-0.2565948735904182,0.4006813397876696,-0.14038191043131362,0.114360086139347,0.10909305847712004,-0.11194352946471472,0.040110090868438544,-0.15130762390235383,-0.004301849582320813,-0.08684055232797028,-0.01041279943881631,-0.16676666687062175,-0.04799503142045147,-0.07999177779071916,0.08778985195218558,0.08645448524053516,0.19217053762241357,-0.008365600698793378,-0.17109201926772352,0.015184841661885391,0.04906655255711798,-0.08164022090337648,0.018397264439369822,0.02699380255494837,-0.013497823405458836,0.07020237869074866,0.10175844565769067,0.046233967775573315,-0.009186875778837051,-0.02296076812110273,-0.008387792651304989,-1.4181364416110398e-16,2.5673907444456745e-16,0.04360642299914451,-0.02076168939118172,0.028531639341263692,0.003272986862106402,-0.17019456649907275,0.09147164125150557,0.001101941083909738,0.1304091412491698,0.4348573929683117,-0.04897914828554897,-0.04572246672643165,0.2316728936601026,0.12465788307411796,0.023202719017430738,0.09786475590704749,I
-0.3093313939656618,-0.08915997287147634,-0.3157286980661481,0.5108195382891869,-0.015106261583087657,-0.11843741656401005,-0.1038890003683565,-0.09554202290644859,0.04021696549074793,-0.19873335283385318,0.00048751899713795135,0.020159278326826575,-0.04768423964267762,0.005901918484153435,0.027455636364212305,-0.08325397511675006,-0.03236776009384265,-0.019083315447379186,0.16185785241271772,-0.004544658680201739,0.19876664223413054,0.10140480228288062,-0.04850860490512643,-0.09128283801550943,0.019568152868338108,0.06574640397012758,-0.09209645067224548,-0.016614564035328957,-0.014626549591994345,-0.046888302368920054,-0.0476207909879822,0.0698400642407936,0.021385708334927856,6.552917930502389e-16,-9.80118763926896e-16,-0.10520140559310621,-0.01829492914696747,-0.08922068949286344,0.0023916098949178,-0.01655521515793547,-0.046924648134580804,-0.07468873618147842,-0.22956703025344302,-0.06688878617410274,0.11111442942284168,-0.04910529190779359,-0.13588747421025932,0.11255197531625218,-0.003575221866811324,-0.11349418102213657,I
-0.2705641358581335,-0.07639944223283777,-0.3276336866700217,0.46821130975006986,-0.011668270640571398,-0.1360161103054328,-0.10937024258343003,-0.06674202670393987,-0.02353567517055417,0.00995492120980241,-0.05638073405190696,0.06925714234677716,0.03947885669198804,0.003569265444701272,-0.021547621911082875,0.06466898716848041,0.12278141943416898,-0.10510726556614304,-0.1522940011744853,-0.0011862621112698531,-0.1515374656324054,-0.11244722170781217,-0.08593754590646838,0.06409806416202757,-0.10616109169738643,0.022070027226293882,0.03026437100375383,-0.024544023952606908,0.03506554925312753,-0.050713270329625255,-0.07521307424100031,0.0750365512986738,-0.011092194996774503,1.2490009027033011e-15,-3.226585665316861e-16,0.09130076249387853,0.0656260113757364,0.0027141724166220077,0.053582915794723386,-0.07320367042594207,-0.10496716132963589,-0.06276776605902158,0.029163885163078662,-0.07498322876398045,0.1756407886975994,-0.038539435143483985,-0.11950202769652708,0.2532641557462435,0.14283161566269775,-0.043197211638007604,I
-0.29067664893357037,-0.08409529999822189,-0.2897501573024044,0.4977228228830232,-0.0139660549397863,-0.14273802148085704,-0.06330131827060277,-0.010564539855634967,-0.01119193309452149,-0.15243302019408575,0.013866180410863519,-0.028576569608490896,-0.052967327465474945,0.009420191766459737,-0.018173028376398195,-0.01233069570745253,-0.13759986879506855,0.03035604092406685,-0.029567077192195576,-0.014937266007111073,0.14370019037385795,0.053403004751566716,-0.026675332487564127,0.011048504734603037,0.019205979092944844,0.06251503940576741,-0.011587714354283019,0.05093528116894992,-0.10159591918054248,0.02478626223706186,0.1244607947217831,-0.06965339570030912,0.022394149105417326,-9.003214840319629e-16,-1.491862189340054e-16,0.011157550320980897,-0.08924424342371357,-0.0607834547377008,-0.009432712607437194,0.18149786454687789,0.20715570532582622,0.08323350851482332,-0.2621471510874045,-0.1772598856744717,-0.12860795109252407,-0.18408413105656188,0.25713638040416786,-0.15290985179722433,-0.040053575702670347,0.11107202132866115,I
-0.007846144969632918,0.8855956855999272,0.07897007901577897,0.04773512867323379,0.07144037789584023,-0.12413022468431462,-0.11499876401092153,0.011987363372435993,0.03374315265662858,-0.027778743976670753,-0.08050169011000488,-0.05175155672269238,-0.022030105604317708,-0.021332267584040245,0.02289404491185297,-0.03807987906408348,0.02532456009256135,0.039059647726898704,0.018314683821558653,-0.03523876784529445,-0.058736046026048455,0.053123596870546616,0.05197838244670916,0.02145730483406111,0.007629510721055909,0.010156700008241107,0.03328663420448777,-0.06971021638238803,-0.032924395107535934,0.02380400738388927,-0.04576701437199542,-0.03891247410279766,0.02639663290165247,-2.0643209364124004e-16,1.0408340855860843e-17,0.035023165480585594,0.004089762058147265,-0.005809119685663694,-0.0009308856450948404,-0.004309703561992076,0.004638319663589503,-0.004697194323695794,0.005601060523574515,0.0008378648986118089,0.00528768864890217,-0.01796710496452575,0.0048455308466344976,-0.020705419668365324,-0.011247960450977486,-0.022586135749107034,G
-0.008797871561996753,-0.09789637797253181,0.06067709482531137,-0.029337186359408813,0.6494456292260293,-0.0537446800885362,0.33609700905094075,-0.1355623390585782,0.407982808390701,0.018702034014902058,-0.21507761337625803,-0.04270234808400432,0.15109346179284616,-0.18793108018112195,-0.0448774975886151,-0.00520207484203056,-0.10654907936275741,-0.03814118286316677,-0.011187879467611704,0.018867873076877047,0.016865691532565313,-0.021582652374861122,-0.044744891262975275,0.012889415015189592,-0.015689524828232826,0.01764840200813457,-0.012317186045579801,0.030742875146722054,-0.08561036501015057,0.013348240815868084,0.015927027990716935,-0.006726637105004098,-0.01219300923497181,-1.235990476633475e-16,1.8041124150158794e-16,0.0011284866839038586,0.003069371031306188,0.0075600707888854694,0.023810332015890563,0.028603052994862214,0.04189390124625479,0.008532989575850514,-0.0065296644744993,0.018333830714943187,0.017282597500835908,0.02586544654068116,-0.029377590293001687,0.03487220092888881,-0.008697316874070058,0.000496721496143368,G
-0.11654322320947917,0.0802778553537517,-0.018962560775467006,0.005026606349611301,-0.10413831691254591,0.32281211343782845,0.35422571238382017,0.09447406996951688,-0.021469493190276218,0.07834547593437605,0.002091957040584397,0.0902665405067622,-0.01412440072055611,0.19855535131261345,-0.021226336632356717,0.2254648152566206,0.025647048134251952,-0.26189558960222087,-0.1253943389186042,-0.09519774746097151,0.397478772532248,0.07834522030624416,-0.04756391965463454,0.06002626149576401,-0.016705710762386722,0.09687549352170485,0.041837782135203797,-0.18334917633706746,-0.15305547926565427,0.11069847205220702,-0.07602018949656868,-0.09946958961179181,0.013514620181145829,-1.9832226139104847e-15,2.0816681711721685e-16,-0.052693095811688434,-0.08094513617659763,-0.017782369714533407,0.021539741046145408,0.02513741171306038,-0.10243560316665799,-0.2148164147165682,0.2088095763176475,0.11446837618674624,0.038078438410393656,-0.25689600764256454,0.05151777036808569,0.04235873667803605,-0.0953694503355979,-0.008280748981588064,G
-0.24558503068611887,-0.08335709002299303,-0.27097092832423086,0.47556671942572043,-0.014472494860192501,-0.12612563285421735,-0.10232860091822588,-0.029837033871257683,0.08310181157199753,-0.15419162956456434,0.10446426891289012,-0.1289395910383469,0.04268424049618765,0.10209868068380681,0.038475999608924796,-0.012678706688755693,-0.10097820798392068,0.060108759778163406,0.07918572674297555,0.0022245851927342655,0.1995134338134132,-0.0579481702759432,0.044794462427569515,-0.014769854116319162,-0.012914924279741056,-0.05817667033405255,-0.027535492029345455,-0.012049326026150409,-0.04236898221439952,0.03394997493983674,0.07566708698043648,-0.09879912249346745,0.025206767795597787,-1.8240617349896127e-15,6.643990912991171e-16,0.04390046929452306,-0.13268674613065537,0.10913560137608902,-0.12123634257546656,0.10420715768583844,-0.06070244882888014,0.06868317550592384,0.33211666677547286,0.09648463632078094,0.0009571856946724005,0.3199308384359704,-0.19743643196534724,-0.22904620891128508,-0.058248478487173544,0.03376889649937515,I
-0.007846144969632918,0.8855956855999272,0.07897007901577897,0.04773512867323379,0.07144037789584023,-0.12413022468431462,-0.11499876401092153,0.011987363372435993,0.03374315265662858,-0.027778743976670753,-0.08050169011000488,-0.05175155672269238,-0.022030105604317708,-0.021332267584040245,0.02289404491185297,-0.03807987906408348,0.02532456009256135,0.039059647726898704,0.018314683821558653,-0.03523876784529445,-0.058736046026048455,0.053123596870546616,0.05197838244670916,0.02145730483406111,0.007629510721055909,0.010156700008241107,0.03328663420448777,-0.06971021638238803,-0.032924395107535934,0.02380400738388927,-0.04576701437199542,-0.03891247410279766,0.02639663290165247,-2.0643209364124004e-16,1.0408340855860843e-17,0.035023165480585594,0.004089762058147265,-0.005809119685663694,-0.0009308856450948404,-0.004309703561992076,0.004638319663589503,-0.004697194323695794,0.005601060523574515,0.0008378648986118089,0.00528768864890217,-0.01796710496452575,0.0048455308466344976,-0.020705419668365324,-0.011247960450977486,-0.022586135749107034,I
-0.09521842159359503,0.4335800381636236,-0.00472551940061211,0.015306682465037687,-0.12842863036004362,0.31255156788226335,0.36899973895066374,0.04738056241683645,0.015285441235881086,0.07092369009287053,0.040182599448909055,0.045910615033753925,0.00021795849573331104,0.2431985952876652,-5.207121737296674e-05,0.21161497283869737,-0.028364755340380726,-0.19011309407937196,-0.0733934312729464,0.003293655896761831,0.1451996937537615,-0.01573522892776414,-0.09332345287619344,-0.036052627487246476,-0.012700318656695238,-0.00574051995420374,-0.044908519983829547,0.09270291007317474,0.01478296982148037,-0.04473261239046965,0.07742951699438307,0.03341193146862235,0.0022706283418515256,8.803721640582296e-16,-4.371503159461554e-16,-0.005461204047520799,0.06534006872562986,0.04200990454304828,-0.027731626118623905,-0.01961136708865512,0.03371452833837589,0.13557221898581973,-0.12895070079529763,-0.1189067816144599,0.05146240982883611,0.22750958535085625,-0.0341349453914937,0.003834330224699765,0.08946925260836949,0.012070360934760577,I
-0.007846144969632884,0.8855956855999267,0.07897007901577895,0.04773512867323379,0.07144037789584023,-0.12413022468431464,-0.11499876401092154,0.011987363372435987,0.0337431526566286,-0.02777874397667077,-0.08050169011000495,-0.05175155672269238,-0.022030105604317708,-0.02133226758404025,0.022894044911852963,-0.038079879064083486,0.025324560092561368,0.03905964772689872,0.01831468382155864,-0.035238767845294436,-0.05873604602604854,0.053123596870546616,0.051978382446709145,0.021457304834061067,0.007629510721055905,0.010156700008241107,0.03328663420448777,-0.06971021638238793,-0.0329243951075359,0.02380400738388927,-0.04576701437199543,-0.038912474102797676,0.02639663290165245,-2.0209528495129803e-16,5.204170427930421e-18,0.03502316548058562,0.004089762058147265,-0.005809119685663694,-0.0009308856450948393,-0.004309703561992076,0.0046383196635895055,-0.004697194323695787,0.005601060523574505,0.0008378648986118141,0.005287688648902181,-0.017967104964525776,0.004845530846634496,-0.020705419668365338,-0.011247960450977496,-0.022586135749107054,T
-0.008797871561996753,-0.09789637797253181,0.06067709482531137,-0.029337186359408813,0.6494456292260293,-0.0537446800885362,0.33609700905094075,-0.1355623390585782,0.407982808390701,0.018702034014902058,-0.21507761337625803,-0.04270234808400432,0.15109346179284616,-0.18793108018112195,-0.0448774975886151,-0.00520207484203056,-0.10654907936275741,-0.03814118286316677,-0.011187879467611704,0.018867873076877047,0.016865691532565313,-0.021582652374861122,-0.044744891262975275,0.012889415015189592,-0.015689524828232826,0.01764840200813457,-0.012317186045579801,0.030742875146722054,-0.08561036501015057,0.013348240815868084,0.015927027990716935,-0.006726637105004098,-0.01219300923497181,-1.235990476633475e-16,1.8041124150158794e-16,0.0011284866839038586,0.003069371031306188,0.0075600707888854694,0.023810332015890563,0.028603052994862214,0.04189390124625479,0.008532989575850514,-0.0065296644744993,0.018333830714943187,0.017282597500835908,0.02586544654068116,-0.029377590293001687,0.03487220092888881,-0.008697316874070058,0.000496721496143368,T
0.01668061635411635,-0.0747462173780188,0.04684461296215406,-0.06086984438818058,0.0795035743942302,-0.12005783357611317,0.12218861267359574,0.07309121049307658,0.23383386380578824,0.04971564070238392,-0.00866905501181153,-0.11535764301568292,-0.01921977885233207,-0.1424998248083453,0.25541708178151484,0.05169399301457032,0.051210743254517035,0.005847235226499846,0.012139703100271217,-0.0058704845979214385,0.047439898599888314,0.06213602682779945,-0.0604731185621046,-0.010711818343222362,-0.10206029008742082,0.10006573754468054,0.030627040899247632,0.05059387940204532,0.08998740681394202,-0.003709724068522168,-0.044574688956027446,0.02048191780892914,0.003600346571457724,1.898221163587621e-15,9.540979117872439e-17,0.03697679337556884,0.2002845356137186,0.009040716214682347,-0.11548334260957288,-0.09634249072429658,0.024032580465639896,0.04953647459373656,0.06513540275036857,-0.04728681479940633,-0.02110980243744713,-0.1308569491450484,0.04556824074346434,-0.08459946806176007,0.05076874281575417,0.0902343465950174,T
-0.055425764866445015,-0.028689587422328328,0.03692601820423154,-0.04284617080279703,-0.007373579513587506,-0.07394037769420375,0.031982416617030954,0.0170888566719251,0.018658368443853504,-0.019803698297136303,0.03678806334658854,0.03704938753574559,-0.019244556406117257,0.031290845646857794,-0.0021678952414472315,0.01065741002067391,0.003850293622421329,0.010487402012608154,0.04792358615671401,-0.022342119381645948,0.02602972776194965,0.026240532308392215,-0.00024576203486887044,-0.003918624189430717,-0.03713843783266633,-0.014784731714965778,0.02375163430122198,-0.024561184859302018,0.040550966642522245,0.04213435178248527,-0.0355112496896917,0.003473914580707215,-0.027843131311090303,2.177077962350893e-16,9.26342336171615e-16,0.04385927977267279,0.054402852338631146,-0.07033561661888457,-0.037328346976537495,0.011724197875796483,-0.013728380868932789,-0.04107314139950273,0.05333376380844637,-0.0023826565216364505,-0.078725602676393,-0.0383370225778874,0.030133017380248775,-0.020368413467138205,0.1293564693761651,0.02459563982038627,T
-0.18645217521259388,-0.09994311765190053,-0.05777843754609167,-0.1073439745238302,0.10410668037956408,-0.2192005714503792,0.09676705143046507,0.6614251174310231,-0.2528533243330327,0.12313572882323044,-0.09923748795540627,-0.2981667419093594,0.09054196535704227,-0.038922282068067734,-0.19324281724064074,0.0225220596934841,-0.006303976788996007,0.0036245298870545345,0.09750362052080713,-0.026241672899200798,0.026218169667749563,0.0040331025555326895,0.04663750434595608,-0.007865005150040693,-0.06097632045517115,0.01931609158341199,-0.008853596749090732,-0.02816837983715472,0.07009771450032032,-0.01918690616032823,0.017906860110949087,-0.027298688314365622,0.012262231140100771,-9.514958265732787e-16,2.8796409701215e-16,0.015300854857287804,-0.057487013252749505,0.050431453358116635,0.06265926731016565,-0.0014592817030913575,-0.1297758948267752,0.015797792495591358,-0.06129966499654372,0.012621985567618973,-0.025160602756827983,0.011812493756569535,0.013091446351029505,0.03702447296080171,0.009108642280200495,0.026638641181771686,P
-0.1751374482618362,-0.09799030382486551,-0.07987798775061926,-0.09819174804168272,0.07868244027415916,-0.2226064036210039,0.1015216089337281,0.6479846188195422,-0.25803765656055994,0.1166779747903207,-0.1249244253378429,-0.29601761884426303,0.08426691517794016,-0.05070939040208074,-0.18887385062330408,0.024716040865322555,0.0032110013945069902,-0.017363348586225142,0.06373374970997163,-0.022513883357737314,-0.002406807495164436,0.007211143795805992,0.023786315500891442,-0.009697492032592597,-0.034707629187841336,0.04320902906378992,0.005973696000080696,-0.01183162323416383,0.0817565605425901,0.02411555213433357,0.032329443402483005,-0.02777999096239739,0.0019334104662188083,-8.96418356211015e-16,4.787836793695988e-16,0.06064001898394575,-0.04270983416619704,0.06662104942954654,0.0527325761906414,-0.022036548389351804,-0.1012328883071607,0.03637498352742452,-0.06178329616891591,-0.012909220270606522,-0.05669633452381049,0.018807746286295408,0.010912374863169535,0.020203984314907955,-0.024026083084245704,0.002441932223483976,P
-0.13356571227902594,-0.05979481383095696,2.6282054768570623e-05,0.01182320960779333,0.16697336397679227,-0.05880724808740071,-0.014231207119666411,0.1137685761520013,0.13428846038102646,0.1503111499166495,0.018413730929341204,0.4270245047966351,-0.12737677678586998,0.12179125627400672,0.12604279546198396,-0.2391163233448788,0.39344508974544595,-0.09001901608680915,0.08245855617495564,0.13865848921310214,0.03990303142130433,-0.03701155395894089,-0.03680453154742988,0.0921528511764421,-0.017357935306468036,0.021500425914822603,-0.04200918877185479,0.07358357418295883,-0.05550691327467161,-0.41890515243851095,-0.19707273154416197,-0.09415592696318996,0.01822927241433757,9.93129189996722e-17,-7.650130529057719e-16,0.2616339595131668,-0.19344782784863843,0.09837238924962971,0.0781375843910816,0.014774407178599902,-0.10822174121403355,0.04916617875566464,-0.010766324453112241,-0.019067829920362107,-0.10196601685743192,0.02393299970159464,0.07208183201209728,0.008306047625749664,-0.047025813493277197,0.023817986834852027,P
-0.1609769703182935,-0.06162939446283501,0.05331651273407355,-0.0330163716450074,0.10410670864083243,-0.07522700624993613,-0.013990847402022237,0.23986222252385436,0.004185444895097464,0.05606728224165471,0.03961892858460103,0.32839342940374344,-0.10709972379567236,0.08484098634844367,0.2026886670776238,-0.19583885478258733,0.19749798127610263,-0.15721842688254672,0.1839959837450976,0.14884303463096127,-0.13986507211742202,-0.18159393541557178,-0.15223476096284597,-0.05901598422761582,-0.29595881936874785,-0.13219161679511962,-0.13477375508366046,-0.20653996420936824,-0.06303488288217016,0.4951023541443864,0.16130097303366278,0.0984784098559284,0.04220393805295971,-3.642919299551295e-17,5.048045315092509e-16,-0.07336941742219755,-0.0008635187458328704,-0.07483068636656577,0.045143944982587586,-0.03368821059970912,0.06556485022559681,0.08214456499535924,0.02664355807926852,-0.028115899304503138,-0.019726784120371224,0.010447336962214098,0.011411812929588627,-0.033814643077799175,-0.030973925894580975,-0.011856045431887115,P
-0.18608991195851352,-0.08237246600336298,0.037109133519148525,-0.017514461233873062,0.09783299882626752,-0.11169438713136232,0.05548656069924237,0.3987656645286818,-0.15977945073580513,0.10783241486368739,-0.014537850002735758,0.059622164020097776,-0.1357558298351692,0.03445627964404041,0.1734145013223268,-0.15583060641731933,-0.002957717915222844,-0.017326051506772536,0.08484036401093682,0.1041175918865954,-0.13538511947727372,0.10750298493961005,-0.18267171683780273,0.047121340733825526,0.5220656163791837,0.05224148468998202,0.06290755670310756,0.04694884574287068,-0.22096861592400074,-0.16067646287106735,0.04037952446114275,0.10152021118600735,0.011843187986709039,1.9294461861552037e-15,-2.1024848528838902e-15,-0.2589564412225671,0.15076983160880253,-0.132406212671755,-0.10968803601103413,0.05289204918921855,0.11817001902857646,-0.026462521813529354,0.13933195909650214,0.05986912644753703,0.12424326832299812,0.0336378461089028,0.009015480443373945,-0.015936141883302838,-0.02945606871090737,-0.07394292319559559,P
-0.061987303078093414,0.14723948751424304,-0.06341096255548208,-0.18732551857424723,0.1236844993630614,-0.04558084215343223,-0.06429985859206482,-0.09211189481332371,-0.36473134449588507,0.0020538306136770046,0.2664318797363608,-0.07590294751727987,0.30938201621722833,-0.09600282139187727,0.06597843992717459,-0.13154485685085232,0.0645489567560431,-0.10967243286933634,-0.1947469714179005,-0.0029865469368923203,0.04218241413746254,-0.0933604341840104,-0.20281471358888148,-0.2427491580235512,-0.12780306216062237,0.13366188038991947,-0.04500681128281592,0.11703888368634838,0.026460270958753137,-0.10527061837991422,-0.004445980454017461,-0.04185394856056157,0.05067425197632271,9.094287822808411e-16,-1.0113437864944785e-15,-0.021258335814726914,-0.06887110352469039,-0.02082402458111445,-0.013834083690426238,-0.03545410425084048,0.1068985786610267,0.14875742952643917,0.01044959216144034,0.09875943397669315,0.2734581655614079,-0.15633000350895276,-0.14485282194246596,-0.08430102761114304,0.07574175862495508,0.16301217613601757,A
-0.1983962984525823,0.03742618526983716,-0.14938816776823327,-0.11342122649620619,-0.2108273886008996,0.4990013070489544,0.2643129694276748,-0.0911414583343878,-0.006757823353285829,-0.11660440749283141,-0.08855567446355096,-0.06945802799115139,-0.012701116440905809,-0.15195582022006196,0.0006233448754446001,-0.13639149203090117,0.10836698810221644,0.060227902646036585,0.17459592333179516,0.00422504490157339,-0.12661892690745694,0.03369043669886311,0.01634636504992934,-0.139850952317196,0.03908176168142723,-0.01312572233523468,-0.003410306081499663,0.006061065732206314,0.11489061835573953,-0.04903515901637039,-0.02864412094597742,-0.018030117475095774,0.021443076758315915,-3.2656169435263394e-16,-2.688821387764051e-16,-0.052566928255450056,-0.08275845161631004,-0.045207303462595994,0.10285935731531815,-0.10100192425764123,0.021242552030615362,0.0036392617656534594,-0.045255201090387685,-0.09707674952103676,-0.009582098508816398,0.04509055077826753,-0.09252208873011566,-0.04127167805415223,-0.0856170937275608,0.015887859314923723,A
-0.07473709306411136,0.006629889476192568,-0.11463316576230946,-0.2203257222314757,-0.019749663446388697,0.21378539058949148,-0.19749411457110783,-0.10970365145120664,0.1487732661010009,-0.06257364643284906,0.11269430377425135,-0.2241425569634664,-0.23796035776336288,-0.13517809948443332,-0.2651125736969469,-0.09798955816861177,0.22680580013174537,0.053064854288346286,-0.15962850522667058,0.04787479274754547,-0.019813222843549992,0.020138572088537983,-0.23081072436066322,-0.05135702144826531,0.06845017738305215,0.12309671787888596,0.12471006759639677,0.000367912940822987,-0.0017598493342039457,0.13425641138296426,0.09926373236362643,-0.07098456478811108,-0.09469407516362822,-2.138480365010409e-15,2.3349377986647823e-15,-0.030858557721961055,-0.11888172080824029,-0.0028951588956079694,-0.1487363600843234,-0.05582756035980706,-0.10225264914489444,0.021461665513082765,0.09066215895961996,-0.15207204110497624,-0.06476425490775131,0.002489560665807326,0.030824341626360906,0.13804497437026336,-0.04051790457255261,-0.08526978989944947,A
-0.1648417792551536,-0.08270269084157292,-0.1734841729146508,-0.2653639314351143,-0.06185479751214906,0.19530705820409563,-0.28176568717575484,-0.10821487042749499,0.025265574226870067,0.18491450968633494,-0.31313810198472336,-0.24951962793274418,0.07735912729488217,0.20172973814210277,0.07735400296006346,-0.13212218392812175,-0.01998898233887967,0.1601162922842675,-0.025992325559413398,0.002627502863403009,0.037211321557358915,-0.05106059432891828,-0.049234944064126845,0.00930250798474349,0.02820760630202845,-0.17529090250049134,0.024756909997691565,-0.024861370773365914,-0.0933693356001584,0.020279020127158515,0.0006568386977014069,-0.02805549016794455,-0.015284305528291341,-1.2108369862318114e-15,-2.7582103268031233e-16,0.05433673740623355,-0.11618598749330418,0.025664912615582347,0.1422049791680007,0.17297828637279222,0.18693076512580442,-0.002531266148171365,0.14412612309004147,-0.11422440742264492,0.020575375010491583,-0.05701466805343379,0.017664991043276245,0.06988919486667221,0.2942158882770638,-0.03070858045291877,A
-0.1566482766317606,-0.04803194104826342,-0.07256240450736232,-0.1598855294750888,0.019388589778047235,-0.006198271238353238,-0.06830357208595143,0.07263104525047559,-0.03409023502699963,-0.10110541899817796,0.02125113583182463,0.006882008112804875,-0.0218351900343165,-0.006243747952788162,-0.005899252872557183,0.05535440891521754,-0.11384820930509852,-0.15170759244683138,-0.010972147719005114,-0.19831416898142118,-0.18382940186564078,0.03360384762072623,-0.13391660161388633,0.2983246278925561,-0.2911878826486909,-0.18109850404688202,0.22663317030566915,0.0335280848910301,0.1992858086086949,-0.09652915112850469,-0.2785492660182563,0.0758376844978771,-0.18822014205007503,1.5031378919339033e-15,1.1796119636642288e-15,-0.11129150489642758,-0.18435690327111012,-0.15372640881726227,-0.2196490167688197,0.1345563353498651,0.20861448332060994,-0.041895452918016676,-0.0022092806972660133,0.023374500858369656,0.0014467766080400908,0.06636702929442327,-0.011823260850682683,0.0033726433842697894,-0.13184965953666833,0.0064814506941999125,A
-0.1540022484795185,-0.05142105982478216,-0.07212587618178057,-0.2649464867296855,0.019663002721972946,0.10776494335459263,-0.22231031340297744,-0.03688840830531959,0.04722656505252122,-0.137911723270418,0.06184864221730772,0.004785932068111606,-0.2148209253133846,-0.08043209581345873,0.08418713033693043,-0.08229217837684522,-0.2733960112365551,-0.39883791739156493,0.10245094349346415,-0.19125271081379447,-0.03429671282463545,-0.25748884288532986,0.1942846640276305,0.1083145868009577,0.043742494599916706,0.1973222707464168,0.02988691137700491,0.02295460763001836,-0.000954087840828774,-0.03901157810119587,-0.003375766170278457,-0.03516710664940824,0.02571993349603499,-4.9439619065339e-16,-1.7867651802561113e-16,-0.05184679072913329,0.04632300910843293,-0.0005787921620229036,0.09814979275208842,-0.0390659845204078,-0.09741442667791447,0.11671898014526687,-0.10163911380105817,0.15305049513571484,-0.13095031467570453,-0.06087827693860645,-0.1348633633240336,-0.12249727103179703,0.16123111869747822,-0.20426876079685446,A
-0.18249103107642425,-0.04763321720812419,-0.0418458544327633,-0.229529207903868,0.08170027257376283,0.0773088183159411,-0.17284552490179203,0.05256448357706911,0.027500837489962546,-0.2736509891029915,0.046701166502441424,0.30048999310668184,0.1297932533868678,0.005760814039369445,0.010756705947893547,0.36975652486161215,0.07301048001662856,0.3355017942092852,0.06759298649164291,-0.28135679413399173,-0.004288211837549457,0.06014159939325918,0.009949853726820605,0.08969087134238526,0.11418729728290936,0.023900810378919106,-0.09953556435146417,0.029893837482759332,-0.08319884154465418,0.06666153834980812,-0.08412476659027449,0.0008279368954201213,-0.10985233971436034,-7.37257477290143e-17,6.158268339717665e-16,-0.15991539913692765,-0.024025250313811187,0.060918629097384186,0.1509707392115625,0.025181673830718808,-0.09758294866648985,0.42381481101067786,0.07473276257852854,-0.02491149007511514,0.015463906858579884,-0.049944075704150825,0.021302410780651114,0.10744519553074784,-0.0483896312669143,0.04317193295679589,A
-0.18955402217959333,-0.050944545826590346,-0.07462747203529528,-0.2434766537564655,0.10506709293186373,-0.0033827791388927053,-0.1183281024309343,0.05980488824429337,0.004025630514398082,-0.2288156238315062,0.05148199481979959,0.21794761073555874,0.18176049073772432,-0.05518207137998758,-0.004191398134516584,0.3701552002579689,0.0638075514693304,0.24439997439683867,0.0853384610716316,-0.22442808112438623,-0.07474220296345312,-0.060513476281173956,-0.19963973767150123,0.03182644995767822,0.030664342526470777,0.022794488544037355,-0.05306582064666118,-0.08577601497503404,-0.03242935452052989,-0.021150002147333695,0.10357323126061002,0.11224069893387545,0.1525723383083443,6.74807432154978e-16,-2.114627917215728e-15,0.15363106701413987,-0.0182409482530216,-0.05754781804811943,-0.055898854595554576,-0.060955412538523164,-0.06589189820935898,-0.37448699018318043,-0.12355255468059734,0.046052967383265614,0.07060186677707503,0.10332140974499134,0.043162703194390604,-0.1495978152487647,0.09350706656608973,-0.021452077431737476,A
-0.168653271332125,-0.037561106447219106,-0.07818157973901313,-0.21944184344998452,0.03877026090364716,0.1104901693701187,-0.19110132247373246,0.026564874366638406,0.004057699533517202,-0.21981285871152262,0.005804513410907271,-0.0002116351828339788,0.007312567415899773,-0.08115211383920046,-0.05845569112570328,0.040134349481395465,-0.008838327620491665,-0.1512591535007817,-0.07491796199933595,0.46994608834737855,0.05477988845402297,0.41850346050388815,0.30658035509675075,0.12968367975033407,-0.0956454340678226,-0.09631700759503643,-0.2338776114415117,0.06878909073403036,-0.03192509463214414,0.09072063379021764,-0.14361185530576698,0.08493281644437636,-0.13778697653535354,3.7773603689394974e-16,5.134781488891349e-16,-0.08781657895205039,0.041091453853312226,0.005535748761887599,-0.028008691767923553,0.011078627950879837,-0.1062703543890885,-0.029698378552502215,-0.04965629839083187,0.044242299764993887,0.1695051431092429,0.057001745270871984,0.06285115584272205,-0.04541787280004542,0.0831865174030926,0.03220109382279267,A
-0.20820466208771865,-0.026495133669313196,-0.181502988360384,-0.3469325897318751,-0.024440456091431792,0.11833536544737143,-0.20727222471265982,-0.1438246114550861,-0.0957035716705002,-0.13512799414002577,0.013715383150891968,-0.06980913657157947,0.08220913079215147,-0.18750818749445725,-0.028316938635172866,0.15791442563911934,0.02038590489328046,-0.1114905679155371,-0.1741624584118075,0.2820980446798636,-0.10122162203658462,0.1232197882498784,-0.07588951342579596,0.03567446766946692,0.0673556566133828,-0.03653232346895221,-0.1155791869948453,-0.034950626586753186,-0.09704095550497305,-0.08648181721966287,0.1539765562556537,0.12471193589416434,0.23229178893597185,3.668940151690947e-16,-3.3931191190106347e-15,0.19175346568171367,-0.07427927108908518,-0.03296788236955778,0.009640267095672547,0.006141972815096142,0.06423765902111175,0.0011300343377304012,0.053660543397059016,0.037302074422319045,-0.2545451507747518,-0.04693888828721593,-0.07207551585761857,-0.03336748437863844,-0.07662454364127042,-0.04907555013608169,A
-0.1340649299695323,-0.07599535123542549,-0.05437408115823055,-0.22318500121704268,0.05682731825665023,-0.04203855751908436,-0.09346480074786373,0.22834923115085673,0.0628782158286657,-0.19666360269481867,-0.07176287687059749,0.24403089095102543,0.11125428202296679,0.16408937227746628,-0.019055494593452238,0.06807779420338671,0.20964557487815025,0.18534695811260551,-0.06449404773208219,0.13192810591117055,0.07629968539232743,-0.09807204238410568,0.2763142829382781,-0.2957193554818228,-0.06541797200781856,0.10124752240048522,0.10565784592937508,0.18282228008503035,0.12773140967752472,0.019335964425232756,-0.01661493549162796,-0.27187594676923915,-0.11317260320596995,-1.1501216645726231e-15,3.2942398808799567e-15,-0.015152322840360007,0.2022412033638104,0.04956351775420399,-0.09653329226158702,0.06396926418187035,0.2495294448658928,-0.1513195126223173,0.01477652303082028,-0.0016135902982191662,-0.05550638813812599,-0.054092026338502706,-0.0941251943389241,-0.021805010172362558,-0.039148289118721355,-0.1495459580378613,A
-0.2101009024244428,-0.06790397832287555,-0.07787338051879332,-0.3556582730394169,-0.0113501885313134,0.19577934457128562,-0.2811521430992675,-0.054331204171860395,0.06228688510962001,-0.2728878870326103,-0.10404352165957687,-0.06256423089172326,-0.055289901133366945,0.05149589843677636,0.05130535211305205,-0.19545501796057313,-0.15785606051619905,-0.1808530022431252,0.02899617471905327,-0.04514360760902705,0.0462562084092268,-0.2699926331646385,0.06914147888329812,0.08297612422059818,0.021905604129544287,0.03002357099936491,0.11873622968636253,-0.04726058840981551,-0.008296893837504316,-0.05968417604881141,0.1156100179279999,-0.11511146401139956,0.033771154663769405,-6.162605148407607e-16,9.246076126956382e-16,0.020135972400149686,0.19010952532376152,0.09906907977779009,0.06504534279209931,-0.019159501675012198,-0.07220150270903461,-0.09970053613624051,0.024643299295121778,-0.09329432175717545,0.1964031859451621,0.08791288957874087,0.2298424965181562,0.04850095884104134,-0.1746273703836032,0.24148477058866197,A
-0.15544807042777992,-0.07430069576863192,-0.16221009497363387,-0.28352217114391964,-0.04580339063998231,0.04425906527440975,-0.24445221618974777,-0.22587810732984154,0.02138612735798845,0.1802919030007097,-0.25204032548942557,-0.12840342471572314,0.025366685268301634,0.24359616923133665,0.05902214876722729,-0.16508189509213497,-0.09314915977328014,0.10632138761873297,0.1643330745721427,-0.07537780469369729,0.27917995292208586,0.16250283318961373,-0.2019290087171992,-0.19051631379625134,-0.007873722036229946,-0.0668913315558821,-0.028324064370976544,-0.09288065342855481,0.08914118012958772,0.0020971639564358133,-0.11690016836656787,0.12434141054003742,0.021657152172412136,3.312020796508719e-15,-1.0946105133413653e-15,0.02523174754007871,0.13397718998682495,-0.026823810033525304,-0.08880053239843502,-0.10333418197815493,-0.03465160359030861,0.05940011363964368,-0.1269291167785479,0.1226674068015271,-0.0857955586577961,0.025720033243633478,-0.05074421793377105,0.06626967187703348,-0.14400918417069403,-0.06229116290551569,A
0.025125017149347804,-0.027191926235881268,-0.010313713940506716,-0.07128302003077225,0.03412084700253138,-0.1603277259928823,0.18500042294869723,-0.02215345060606007,0.3205165102577322,-0.12323446449840691,0.1884041773990166,-0.05093259909668261,0.1827429080333021,0.40244680565665264,-0.11097907385896674,0.04114900130232691,-0.15856844480481824,-0.046053171731581785,-0.012219036354607492,0.16607662860977834,-0.16660889645375843,-0.160136294793354,0.07327804359785112,-0.14907304275770605,0.24732805192241555,-0.22451809439614556,0.02509779548195192,-0.14112948372702355,0.14806626755851615,-0.0488020851036015,-0.03286169366668647,0.030985550054950923,-0.03249703166538307,-4.336808689942018e-17,4.475586568020162e-16,-0.004823304945032194,-0.2084286384244502,-0.053087782950573884,-0.15140376227129623,-0.22014733959784163,-0.11171439181972771,0.08956538235209244,-0.009493433881476799,-0.07500321567118134,0.06492980718707746,-0.1614852973444934,0.11487027178755428,-0.11314587878586421,0.031327929963061094,-0.070082649644734,G
0.02720949002173645,0.016400748674885907,-0.060931943015139635,-0.09329551296916869,-0.08526837167763793,-0.10486322171958011,0.09930549427281819,-0.11133039052591465,0.1909233538342856,0.15462443874608683,0.43709894481735395,-0.23143662401537027,-0.055819740895122,0.25591473705034423,0.012532780681964076,0.23436239569086598,-0.04083087031213828,0.0076707888446246875,0.2674190884927795,0.14237868022099795,-0.1459954974252381,0.05135015404105469,-0.06816912999209593,0.0677357878736918,-0.10434762019522584,0.16558311220854255,-0.019694430625188143,0.11354702011956821,0.026416791919715923,-0.03730955673937525,0.028270817401425327,0.06131825642196318,0.04196499985860613,2.0582494042464816e-15,-4.440892098500626e-16,0.14920495351959606,0.23750914396068912,0.07108252711387153,-0.0003557181683438021,0.028512386474545764,0.04986544148380577,0.04756765923903427,0.03595843561768311,-0.08661354948161656,0.04522468243195088,0.021251140476474355,0.003885154828694025,0.08637309462779336,-0.0934596941973971,0.024624184936965585,Q
-0.03726268235968695,-0.03534885353203342,-0.014753163776043358,-0.06943393593341325,0.10970139300725204,0.05477952056453667,-0.07185208695541147,-0.003318275425119449,0.3118626225965816,0.21732562310893577,0.3246936796309323,-0.10760595487968277,-0.42994175695865144,-0.07870582696426119,-0.322868813181098,-0.05279326244172511,0.320687390589177,0.09149574820627197,-0.17028145027883884,-0.12595091384432833,0.044005898839111685,-0.04907287946391024,-0.023858584085146656,-0.016645479669888906,0.024322117919115833,0.05399558638529524,-0.015175551257408163,0.05676660347763901,-0.02987057095318086,0.06548544192419814,0.035703729744062294,0.019820407749295884,-0.06795675042807965,-1.960237527853792e-16,1.1726730697603216e-15,-0.10068039307262439,-0.007355784830986302,0.017960851348239996,-0.09078626093247595,0.09969785754115143,-0.061662187224842464,-0.017567399118165378,-0.13277409720670705,0.09754872401381005,0.04525094579698161,0.025398255393819326,-0.028148906600416856,-0.11904297650498877,0.06196467716068592,0.043772971625239875,Q
0.20348862068954204,-0.05026691672974869,-0.011215831229587324,0.04944433148164227,-0.05541768801842114,0.04947326333571405,-0.09412566817095075,0.06145876445444047,0.23809065239542238,0.13208456240345004,0.32453894843962533,-0.3299944207134251,-0.010294292426964398,0.08270074782341538,0.18384308195747054,0.17293441710159232,0.10617349529650752,0.14957204928514847,0.034277878234525674,0.15030613740139842,0.010097227362106165,-0.14826980893444427,0.043848624319666976,0.11450868424755134,0.00809551384278725,-0.15987839879781923,0.04215237179544759,-0.11677056314658178,-0.032176781966917256,-0.047661655127801544,-0.0830263354560947,-0.016522226445137452,0.02652442666254775,-5.37330596683816e-16,-1.1483869410966463e-15,-0.118758393687034,-0.02288398560327843,-0.025723925669878987,0.3715057935956472,0.12192066533272336,0.10713298073183836,-0.09741144842830032,-0.12810212474660504,0.170587142942203,0.0437526170659062,-0.015831443133536842,-0.028416931425129046,-0.002377642985400944,-0.024065995385141842,-0.01131028861554529,Q
-0.013457717441767793,-0.007874032850888694,0.007388184480525365,0.010923839040907324,0.017559055776714075,0.05254434920338529,-0.0023929402989669585,0.012657800144104493,0.027844333894556286,0.07916963965757193,0.5057617602362894,-0.012572457432518988,0.5264502975516911,0.048752154791359456,0.06557853830320369,-0.35755094850421054,-0.023861352866679897,0.004290402717671889,-0.0940024638422487,-0.1522852320146459,0.0011688474589917237,0.08110045043875502,0.11518786526961668,0.10523221921190179,0.08634507508159153,-0.0063164487990204615,0.009407380586976682,-0.0217519498012176,-0.07406543001442419,0.11896935693298405,-0.06315713384045082,0.029758640273197495,-0.05960475191498036,-2.8796409701215e-16,9.62771529167128e-16,0.013617947453184646,0.06622312921804824,0.019160429035524198,-0.003941990337477871,0.01899564317892373,-0.07423176798212454,-0.09857892037166133,-0.017769384253716387,-0.06301677836646939,-0.2189727630422917,-0.024105199454604063,-0.11269068043636095,0.08586268111166195,-0.11420729716004355,0.023239955464414846,Q
-0.191209330681677,0.09625889288619305,-0.13381873660669508,0.06135300575777608,-0.23912148349311818,0.4890791717377244,0.4988222641214448,0.04664892053910947,-0.07501981811354452,0.076550238134183,-0.10432484746882045,0.007707149542947295,0.03199079534572982,0.025622140587866722,-0.017698074019608087,0.1272340533808331,0.10664823835354309,-0.11241471665432189,-0.04518061120926148,-0.028811329848178937,-0.05728788037917571,-0.016945760004745066,0.021130513937609622,0.006749647466229185,0.04076383289768046,-0.027850352778122294,0.0216104543603151,0.026760790243073027,0.022454348413147456,-0.004480770108138812,-0.014850392295599608,0.002840038791063801,0.006542109092144048,5.421010862427522e-16,-1.3530843112619095e-16,0.012695749916536506,0.029571178523212893,0.0048256826102928176,0.01873549793031693,-0.004462671999349115,0.14121904266139051,0.07458994306478926,-0.05987500931219921,0.022281390337896306,-0.08525452912010877,0.11293789939785077,0.024252437645332407,-0.044282614352416275,0.062292914066326956,-0.03537965964769739,Q
0.008960766909822587,-0.044631742460148505,-0.10059903956190605,-0.2864553566317202,-0.19621770879961592,-0.45359367473732404,0.26091213330069035,-0.2776034389711202,-0.12228650166009598,0.018234991908765825,0.1191989325051881,0.02636890772674215,-0.07290326644808524,-0.08578209338495321,0.07190571485979783,0.025272357237914995,-0.0043416522676075035,-0.02440308887241143,0.12935191215069963,-0.04919042307671039,0.12337583325206519,0.07507733980129108,-0.04326744179839475,-0.0068482784897272685,-0.10777141487480701,-0.021631426385718876,0.03922157638562766,-0.07797597447310944,0.0329987210155808,-0.07616640662676993,-0.013344379055908816,0.056978180907769696,0.020188912958658697,1.1934897514720433e-15,-4.180683577104105e-16,0.014769533567992032,0.1491232098859468,0.0419309680895128,-0.10666904573121307,0.19275376545396972,-0.08061455122485758,0.06745307333838838,0.10934098971908081,0.03608269994063003,-0.0953225720582658,-0.06103473236047825,0.14394588843210154,-0.008069270931049088,0.18667251971545168,-0.06745418011703437,G
-0.12384528647992189,-0.03977755773274665,-0.19222631892688397,-0.16451754197430465,-0.09401883701634695,-0.2756570126123695,0.05180021404127673,-0.32477136949160335,-0.26976606620077,0.41707233583754233,-0.043057151309052785,0.09745553402283207,0.050933843157607475,-0.15466230614145846,0.08438820239303804,0.18178188112042026,-0.0006575729450553859,-0.045448518829015405,-0.19406782242106813,0.04730167872058852,-0.10639969388611156,-0.1067037672961573,0.15307590359526102,-0.039140704701884375,0.07684700491425128,-0.057114780145776776,0.00578097793535212,-0.02720672167671575,-0.06468802373195966,0.018842871408604116,0.0649909198405609,-0.09710565493480293,0.026996509268017506,-1.6575282812958392e-15,5.984795992119984e-16,-0.0714019327202314,-0.09449360986315247,0.011462174654049365,-0.04976978644900183,0.04077167679721704,-0.007418985706899264,0.017585680841694894,-0.04760877515558683,0.036256168536357575,0.016071153180785558,0.008557058975791112,-0.01398033971200768,0.02061936195382875,-0.15372106424254914,0.08078296454195522,G
0.039028912717700544,-0.04819979150027508,-0.09225722741330047,-0.20623139997958218,-0.15396521244092432,-0.39889490468641,0.2770020292982365,-0.23204984151581215,-0.2591974337211537,0.022769645252959755,0.042475532652256,0.022872615120404897,-0.15166501335873028,-0.09783418122559052,0.027044961355335826,-0.0479571019484561,-0.006321334944702481,0.1357120676057362,-0.014496953317734505,0.01715496645239232,0.17584808808460678,-0.08027818663653724,0.05831998880861888,0.2679822883448448,0.10398699027834278,-0.05072304678490673,0.03344271461316666,0.0668644890146775,-0.14458796507933083,0.18337259024940264,-0.02935948992181777,-0.09554559690967959,-0.10783940251214952,-1.3986208025063007e-15,2.8466812240779404e-15,0.1722473810613913,-0.06595505150318065,0.057421880334267816,0.0030052368789925572,-0.2329383553434039,0.1098854202570726,0.011833530760478994,-0.12820966677551468,0.009649971973512632,0.12503656689095474,0.059277649294254435,-0.00752179925518651,0.0032517520439017886,-0.08720181326022516,-0.11468805180177724,G
-0.025320241631769512,-0.014039873320243961,-0.11235354650708981,-0.14087896376721953,-0.1537510200325203,-0.17866318503698478,0.3142034821068342,-0.2584180223688383,-0.05816741933759921,-0.003313925843871096,0.04626020105970585,0.008285693642885091,-0.05621953067677749,-0.3025778075789327,0.05108509995643077,-0.06277714575477938,0.0716776346719964,0.05006082468579163,0.25076471692200125,-0.023992049781061852,-0.021723999582520085,0.08812276600969221,0.05672094898283167,-0.15502110716712617,-0.02409267036654791,-0.0424695358044433,0.030925806517908848,-0.06559797599591399,0.10546819623337993,-0.07374472281357483,-0.06608940642947414,-0.07488699863946942,0.004771240115004571,-7.875644580934704e-16,-1.1830814106161824e-15,-0.2366865601690956,-0.05409900776489025,-0.020296291026677234,0.20712820609287363,0.01015155792545705,-0.1050226206754236,-0.15430554039269725,0.11481759238728456,-0.2616902644902795,0.010008942463330506,0.015124566474791643,-0.03648797970638021,-0.11377231230242334,-0.0011983573983537215,0.010462685854331907,G
